ts_rel,replay_lowNorm,replay_bodyNorm,replay_highNorm,replay_lowRise,replay_ratio,replay_rawRatio,replay_coreRaw,replay_bodyRaw,replay_contaminationRaw,replay_contaminationWeighted,replay_signalActive,replay_highDominant,replay_lowQualified,replay_rawBassSupport,replay_candidate,replay_pendingScore,replay_accepted,logged_candidate,logged_accepted
0.0,1.0,1.0,1.0,1.0,1.9999000099990003,21.543920652456066,0.08280433333333334,0.1550138,0.0109434,0.06224468081395146,1,1,1,1,0,0.0,0,0,0
0.07641839981079102,1.0,0.06406727117827173,0.039714229294063444,0.0,26.728315229172242,376.79050207039336,0.18453466666666665,0.009487800000000001,0.00041519999999999995,0.0021826514813748123,1,0,0,1,0,0.0,0,1,0
0.16817808151245117,0.1620638462041799,0.0017405430459759242,0.031445073874993075,0.0,5.195879074484868,69.68385214007783,0.028310000000000002,0.000244,0.0003112,0.01093602845054188,0,0,0,1,0,0.0,0,0,0
0.2406463623046875,0.042583858419908006,0.0015911519668479399,0.03157112732792353,0.0,1.3979613017349062,18.629592518370075,0.007123333333333333,0.0002136,0.0002992,0.04126046680959509,0,0,0,1,0,0.0,0,0,0
0.3178389072418213,0.01326166663795185,0.0018098411617378724,0.03509546969369309,0.0,0.4310642230868822,5.867656449553,0.002118333333333333,0.000232,0.0003176,0.14068452293063227,0,0,0,1,0,0.0,0,0,0
0.39751482009887695,0.011655469723949053,0.0017475940784081904,0.0389400659257524,0.005024636404973129,0.34587707479894586,4.7907492354740056,0.0017751666666666669,0.0002136,0.000336,0.17653301762878326,0,0,0,0,0,0.0,0,0,0
0.49959659576416016,0.004508451498881624,0.0020175835982355938,0.04139052357795646,0.0,0.1596999634065252,2.2431192660550456,0.000646,0.000232,0.000336,0.4279164544065206,0,0,0,0,0,0.0,0,0,0
0.5731725692749023,0.22207856479766064,0.8628025138210241,0.6273567747954819,0.21982433904821982,1.7291726254327746,25.232206047933083,0.030451499999999996,0.0949434,0.0048736000000000005,0.055750825292040944,0,0,0,1,0,0.0,0,0,0
0.6630640029907227,1.0,0.19764839106989096,0.0775332243391702,0.8889607176011697,15.42829634174503,345.6582687338501,0.21115616666666667,0.0206114,0.0005708,0.0025536521207019077,1,0,1,1,1,4.047807505967658,0,1,0
0.7444775104522705,0.45435619922562653,0.004699532131055668,0.047916064651044234,0.0,9.562544008835106,210.89250764525997,0.09138233333333333,0.0004668,0.000336,0.0036656246304373977,1,0,0,1,0,4.047807505967658,0,0,0
0.8238430023193359,0.07284401148357028,0.0064755071967747746,0.050244367683039665,0.0,1.5775253982800623,33.68172782874618,0.013971833333333334,0.0006134,0.000336,0.023431169312978586,0,0,0,1,0,0.0,0,0,0
0.9051313400268555,0.014517817601061167,0.0025711267631431858,0.06517948698574942,0.0,0.26331310428276977,5.79289596273292,0.0026525,0.000232,0.00041519999999999995,0.14872658236916572,0,0,0,0,0,0.0,0,0,0
1.0016894340515137,0.009262145127912067,0.0035129112435757495,0.05588084366587402,0.002003236327381484,0.22999039543479516,4.579204892966361,0.0015973333333333334,0.0002992,0.000336,0.1890983311321887,0,0,0,0,0,0.0,0,0,0
1.0838665962219238,0.0038420845496910335,0.004064705155617135,0.05869474385096355,0.0,0.1361820663017813,2.4321865443425077,0.0006308333333333334,0.0003296,0.000336,0.4055065210919711,0,0,0,0,0,0.0,0,0,0
1.159113883972168,0.0026088144652396546,0.003859583471878004,0.061395453984732985,0.0006877721903941379,0.10681111385482812,1.8548165137614683,0.0004095,0.0002992,0.000336,0.5704390343282062,0,0,0,0,0,0.0,0,0,0
1.232356071472168,0.9802474172695639,1.0,0.36351798558672516,0.9789430100369441,5.446230648008578,132.6773442437548,0.14727533333333334,0.11853659999999999,0.0019042,0.008718972524506865,1,0,1,1,1,6.579465857074672,0,0,0
1.307666540145874,0.7919860003178303,0.04160679051263095,0.05607429902644021,0.0,14.841178355212893,311.3619572829132,0.11375183333333333,0.0047148,0.0002808,0.002408631685046589,1,0,0,1,0,6.579465857074672,0,0,0
1.3937675952911377,0.13600889209986863,0.004619416356155404,0.07064168886512176,0.0,1.9893263889181505,43.9262996941896,0.018554666666666667,0.0004971999999999999,0.000336,0.0178221098832086,0,0,0,1,0,0.0,0,0,0
1.4707436561584473,0.02894770350484238,0.0030274810505079093,0.0739685203060256,0.0,0.4330474596066815,9.593348623853212,0.0037715,0.0003112,0.000336,0.08488664096487815,0,0,0,1,0,0.0,0,0,0
1.5457546710968018,0.01841354982742269,0.002360508063141137,0.07736109159403182,0.0039396980750015,0.2694779722439662,6.022553516819571,0.002293833333333333,0.000232,0.000336,0.1380992177117727,0,0,0,1,0,0.0,0,0,0
1.6214101314544678,0.01612574807813857,0.0025974686224065546,0.07650798883077682,0.0069189731644272254,0.24570827387369037,5.421455938697318,0.00192,0.000244,0.0003176,0.1536972512582269,0,0,0,0,0,0.0,0,0,0
1.7002718448638916,0.0050830071224838135,0.002928193400478386,0.08484788333028026,0.0,0.0954844335723537,2.1553516819571867,0.0005773333333333333,0.0002624,0.000336,0.45728387892864913,0,0,0,0,0,0.0,0,0,0
1.7770307064056396,0.49305281327462297,1.0,1.0,0.4905113097133811,1.4930035129233308,21.38110429087922,0.053489666666666665,0.1407774,0.0089906,0.06517000383117026,0,1,0,1,0,0.0,0,0,0
1.861907958984375,0.38435650449040804,0.005996464702277249,0.03931768175008193,0.13783009785309655,9.90552848004243,92.97454128440367,0.039634499999999996,0.0008024,0.000336,0.008375722966980208,0,0,0,1,0,0.0,0,0,0
2.0554847717285156,0.022179266313241318,0.002201546968711257,0.0417242830040243,0.0,0.5853253546413945,5.746088761174967,0.0020371666666666667,0.0002624,0.0003176,0.14471841575255703,0,0,0,1,0,0.0,0,0,0
2.2299880981445312,0.022988720836400606,0.002786334729625786,0.0489953924193364,0.011899087679779947,0.5270363325548123,5.278746177370031,0.0019023333333333334,0.0002992,0.000336,0.16139465476274345,0,0,0,0,0,0.0,0,0,0
2.311716079711914,0.006552061798326948,0.0016115676451802703,0.05144875546676282,0.0,0.1603070601546408,1.7915902140672786,0.0005163333333333334,0.0001648,0.000336,0.5461520123100929,0,0,0,0,0,0.0,0,0,0
2.395916223526001,1.0,1.0,1.0,0.9967239691008365,1.9999000099990003,21.296631201847333,0.085744,0.11152039999999999,0.009167400000000001,0.06005257302289118,1,1,0,1,0,0.0,0,0,0
2.471022367477417,1.0,0.1146029825536684,0.05779887180835377,0.0,19.252585546802255,300.0572590394548,0.16969533333333334,0.0122194,0.0005066000000000001,0.0028617107916435788,1,0,0,1,0,0.0,0,0,0
2.5525801181793213,0.31410762654198837,0.0033362983097207865,0.03584191455566895,0.0,8.834919585596321,128.2685370741483,0.050766,0.0003388,0.0002992,0.0058702026004683605,0,0,0,1,0,0.0,0,0,0
2.6262712478637695,0.044546716763263196,0.004398341622662673,0.042063156037639785,0.0,1.1632207594266066,17.01085626911315,0.006889333333333333,0.0004274,0.000336,0.04702080297350601,0,0,0,1,0,0.0,0,0,0
2.6997032165527344,0.017266662088959148,0.0020989395583051315,0.0367303748056737,0.0,0.528520324595383,7.486519607843137,0.0025556666666666666,0.0001952,0.0002808,0.1050588898477993,0,0,0,1,0,0.0,0,0,0
2.778703451156616,0.01284261064807431,0.001650336878424653,0.03598350763942897,0.0042092796035947365,0.40442153441183293,5.683130978660779,0.0018131666666666667,0.0001464,0.0002624,0.1380321303449751,0,0,0,1,0,0.0,0,0,0
2.85099196434021,0.006075638880982783,0.0033051975822649894,0.04284203082354997,0.0,0.22078220991002495,3.011773547094189,0.0008215000000000001,0.0002808,0.0002992,0.3022283278450069,0,0,0,0,0,0.0,0,0,0
2.9302163124084473,0.0052640152806083945,0.00346550893618566,0.05044490798533777,0.002226195840117003,0.17468672055660583,2.4303516819571866,0.0006788333333333334,0.0002808,0.000336,0.39654751882420514,0,0,0,0,0,0.0,0,0,0
3.0071492195129395,1.0,1.0,0.18134599022914938,0.9973679923596958,11.023114908596549,218.3942246330568,0.185285,0.088394,0.0011535999999999999,0.004840522084882011,1,0,1,1,1,6.782102348045931,0,0,0
3.0829150676727295,0.6622528857184349,0.03055890627185668,0.04921369122921665,0.0,14.051103754726949,300.48371743486973,0.11727149999999999,0.0025816000000000003,0.0002992,0.002518084848350192,1,0,0,1,0,6.782102348045931,0,1,0
3.1608622074127197,0.14568151550787706,0.007947112168106113,0.05790307314296119,0.0,2.650353151066419,58.173088685015294,0.024622666666666668,0.0006408,0.000336,0.013436159049999572,0,0,0,1,0,0.0,0,0,0
3.235912799835205,0.028893135568091113,0.003247933272576743,0.05061105310114227,0.0,0.6357799112624152,13.181635154061626,0.004669166666666667,0.00025039999999999996,0.0002808,0.05826443365780849,0,0,0,1,0,0.0,0,0,0
3.3406360149383545,0.010352845625691942,0.002695520511758093,0.060942296851363036,0.0,0.2153976310797427,4.470067049808429,0.0015715,0.0001952,0.0003176,0.1880825763049117,0,0,0,0,0,0.0,0,0,0
3.416006088256836,0.0097262143146711,0.00405628829439593,0.06375110274184885,0.004549791501825129,0.2174199350196697,4.291507024265645,0.0014113333333333332,0.0002808,0.0003176,0.2010364093648195,0,0,0,0,0,0.0,0,0,0
3.495527505874634,0.004392840916254759,0.003235785213763042,0.07072829876217196,0.0,0.10911777164052842,2.1133792048929667,0.0006078333333333334,0.0002136,0.000336,0.4565258743285718,0,0,0,0,0,0.0,0,0,0
3.570683717727661,0.6513639108433753,1.0,1.0,0.6491674903852479,1.6512987809652788,21.40922700146001,0.08616866666666667,0.1258668,0.0098086,0.06066346732355565,1,1,0,1,0,0.0,0,0,0
3.646354913711548,1.0,0.10289478649302376,0.047553239260874854,0.3486360891566247,23.14627092724471,341.73665567362883,0.17404166666666665,0.0123782,0.0004458,0.0024566235302139346,1,0,0,1,0,0.0,0,1,0
3.721266984939575,0.6537118795581012,0.011249160672407556,0.04087384327603615,0.0,16.23135608124597,236.24392510005723,0.10879016666666667,0.001294,0.00036639999999999996,0.003344085802329603,1,0,0,1,0,0.0,0,0,0
3.7976484298706055,0.11875011307552175,0.003998318340359746,0.03493679588006564,0.0,3.506269004631691,48.646209084836336,0.018880166666666667,0.00043940000000000006,0.0002992,0.015629075513020573,0,0,0,1,0,0.0,0,0,0
3.8753576278686523,0.026407794278814792,0.003141815852538828,0.03884885150733798,0.0,0.7612447860180837,10.626436781609197,0.004008,0.0003296,0.0003176,0.07551548352735296,0,0,0,1,0,0.0,0,0,0
3.9560909271240234,0.008933637077450641,0.0023208276247666986,0.04313187565943669,0.0,0.2626410381002952,3.724770642201835,0.001292,0.000232,0.000336,0.23476802683063164,0,0,0,0,0,0.0,0,0,0
4.029656171798706,0.006578790011113831,0.002742957087639601,0.045071148702811065,0.002111971472388511,0.20857886879832885,2.9194954128440367,0.0009105,0.0002624,0.000336,0.3146244171020844,0,0,0,0,0,0.0,0,0,0
4.106997013092041,0.0029071425092613134,0.002671317916548578,0.03686410956322797,0.0,0.15362091750368698,2.0092899190581313,0.0003841666666666666,0.000244,0.0002624,0.49456555883646414,0,0,0,0,0,0.0,0,0,0
4.198992729187012,0.7748491976671953,1.0,0.35103998136806064,0.7733956264125647,5.0548194220205165,81.38899256254226,0.09691366666666666,0.10361020000000001,0.002365,0.014866753655859398,1,0,0,1,0,0.0,0,0,0
4.274615049362183,1.0,0.12801131359121276,0.06162138809303899,0.2251508023328047,18.277478009579024,277.58990874932897,0.12512966666666667,0.012676999999999999,0.0003968,0.0029893954811510376,1,0,0,1,0,0.0,0,1,0
4.364187002182007,0.2124891134979176,0.005884936141945615,0.05203511614625226,0.0,4.190535397043865,61.91267560664113,0.025202333333333337,0.0005524,0.0003176,0.012438427953983039,0,0,0,1,0,0.0,0,0,0
4.438725471496582,0.08720919481501702,0.00509714593824922,0.057558342564883874,0.0,1.6026534347441548,23.968501529051988,0.009892666666666666,0.0004576,0.000336,0.033047360014268064,0,0,0,1,0,0.0,0,0,0
4.5459794998168945,0.01682633436009938,0.0025368188041552052,0.05464843620264809,0.0,0.35550153601123646,5.269956579826319,0.0017901666666666667,0.0002136,0.0002992,0.15596926488015597,0,0,0,0,0,0.0,0,0,0
4.633453369140625,0.011612357028428187,0.0037442192282653745,0.06466464642029068,0.0031991898483784975,0.23865761817624986,3.6048165137614676,0.0011725,0.0002992,0.000336,0.24851703377168977,0,0,0,0,0,0.0,0,0,0
4.706585645675659,0.004262776984021271,0.003273571810077185,0.06385515908264222,0.0,0.11940160737042091,1.825670498084291,0.000412,0.00025039999999999996,0.0003176,0.5648833238474673,0,0,0,0,0,0.0,0,0,0
4.7828521728515625,0.8635469837003029,1.0,1.0,0.8614155952082923,1.8634606376365392,21.885484383897996,0.07974233333333333,0.1174378,0.0089142,0.059346887312061315,1,1,0,1,0,0.0,0,0,0
4.857910394668579,1.0,0.11442001877673781,0.05336125032444684,0.13645301629969708,20.847249400508097,324.91486421533284,0.16731516666666668,0.0128476,0.0004548,0.0025985048350968334,1,0,0,1,0,0.0,0,1,0
4.939292669296265,0.17763845639524764,0.007932508437692262,0.04399941134492516,0.0,4.2102821595668845,63.99511519393409,0.028310166666666664,0.0008484,0.00035719999999999995,0.012394511900743971,0,0,0,1,0,0.0,0,0,0
5.058435916900635,0.02472719979805752,0.004566299270229405,0.039575921650876374,0.0,0.7408397296206898,10.582748830995326,0.0036698333333333335,0.0004548,0.0002992,0.07588682582384043,0,0,0,1,0,0.0,0,0,0
5.134501218795776,0.013143889378595381,0.0034632234117088234,0.0465112612187163,0.0007802894795666208,0.35843511532349664,5.2605504587155965,0.001864,0.0003296,0.000336,0.16296756169486262,0,0,0,0,0,0.0,0,0,0
5.228768587112427,0.01290125697897975,0.003357187323629647,0.046513032873528704,0.006329312289682059,0.3509414276259048,5.103767560664112,0.0017293333333333334,0.000302,0.0003176,0.1662363039988834,0,0,0,0,0,0.0,0,0,0
5.31489634513855,0.0032360297738507713,0.0036422537524704738,0.04613364117864285,0.0,0.15093519239286718,2.062124248496994,0.000412,0.0003112,0.0002992,0.49973276322822024,0,0,0,0,0,0.0,0,0,0
5.401285886764526,0.9818904408366195,1.0,0.37905180902760977,0.9802724259496941,5.22743237311652,92.84430022727894,0.11871833333333333,0.1072204,0.0023346,0.012753852432620989,1,0,1,1,1,6.5948432904820535,0,0,0
5.487370014190674,1.0,0.019237649167891172,0.05428967446789655,0.01810955916338053,18.741381689451995,286.3378831417624,0.1175155,0.0019592,0.0003176,0.0026758553427209575,1,0,0,1,0,6.5948432904820535,0,0,0
5.566918611526489,0.3638202891734348,0.009395335406582946,0.060232349624688784,0.0,6.187652675592997,95.82851681957187,0.04076883333333333,0.0009124000000000001,0.000336,0.008132388835972783,0,0,0,1,0,0.0,0,0,0
5.643286943435669,0.08846413812983582,0.0047360375056173945,0.07790690307762399,0.0,1.1960502462533478,19.42947722567288,0.009470666666666667,0.00043940000000000006,0.00041519999999999995,0.042653268919683365,0,0,0,1,0,0.0,0,0,0
5.725570201873779,0.018889429295502594,0.0046283881335694235,0.06622495582427998,0.0,0.35609247131116967,5.582492354740062,0.0019251666666666668,0.00040879999999999996,0.000336,0.15480684467406094,0,0,0,0,0,0.0,0,0,0
5.809926509857178,0.020391045256669252,0.002543443985783394,0.06965041720730351,0.010946330608917955,0.3302415980393695,5.25137614678899,0.001976,0.0002136,0.000336,0.15968367424530455,0,0,0,0,0,0.0,0,0,0
5.8949737548828125,0.0052188881818778865,0.0035180294499410564,0.06927018962871329,0.0,0.12738782579543675,2.0628991060025546,0.0004806666666666666,0.0002808,0.0003176,0.48925769214969406,0,0,0,0,0,0.0,0,0,0
5.970693349838257,0.01551262602381311,0.05428604527318364,0.18808671653335363,0.012903181932874166,0.3714325462743707,6.066544038086995,0.0013655000000000002,0.0041412,0.0008242,0.2140656897527933,0,0,0,0,0,0.0,0,0,0
6.046519041061401,1.0,0.4198128731451038,0.1807148396382056,0.9922436869880934,7.852855860648513,300.23109243697473,0.22653199999999998,0.030606,0.0007568,0.0030902964365223384,1,0,1,1,1,5.1353334326171485,0,1,0
6.121517896652222,0.49291863374372397,0.016724214532113132,0.08391207717776303,0.0,6.067494881685413,247.77897553516823,0.10676583333333334,0.0011658,0.000336,0.0031265902418001913,1,0,0,1,0,5.1353334326171485,0,0,0
6.2052161693573,0.05025049570556556,0.007917939457856349,0.08821768690641982,0.0,0.6597595250106847,25.178899082568805,0.010353,0.0005250000000000001,0.000336,0.031496062992125984,0,0,0,1,0,0.0,0,0,0
6.287820816040039,0.012851406106918307,0.00662649920349081,0.08760807362451085,0.0,0.22321668349740023,7.275782247765006,0.0025201666666666666,0.0004182,0.0003176,0.11461207757245655,0,0,0,1,0,0.0,0,0,0
6.3750996589660645,0.007515332527072895,0.007131685938403693,0.0976480912844407,0.001089629473613742,0.15086758494919053,4.417507645259939,0.0013988333333333333,0.0004272,0.000336,0.2030023401658658,0,0,0,0,0,0.0,0,0,0
6.481722831726074,0.003626585565725238,0.0053236060343664965,0.09837581170722477,0.0,0.09190268598139169,2.472541507024266,0.0006333333333333333,0.0002992,0.0003176,0.3907223935437308,0,0,0,0,0,0.0,0,0,0
6.564750909805298,0.004499153269151683,0.003993951205246518,0.1093715329710128,0.0026858604862890646,0.07849624684321892,2.434097859327217,0.0007476666666666666,0.0002136,0.000336,0.3836375538538828,0,0,0,0,0,0.0,0,0,0
6.646417617797852,0.2332931083083234,0.008210871571561138,0.10855485212822288,0.23104353167374755,2.22359126304612,89.6536558109834,0.036921166666666665,0.0004182,0.0003176,0.008544045505112887,0,0,0,1,0,0.0,0,0,0
6.831039190292358,0.06368548089141225,0.005349703415708093,0.11419970553369173,0.0,0.6048588138028195,23.471108884435534,0.009025666666666666,0.000244,0.0002992,0.032620783393055734,0,0,0,1,0,0.0,0,0,0
6.922403573989868,0.013739317158333384,0.006993078850299707,0.16737182150698066,0.0,0.12439344016906596,4.358825051759834,0.0018436666666666664,0.000302,0.00041519999999999995,0.20505053830704903,0,0,0,0,0,0.0,0,0,0
7.002129554748535,0.015225499063926574,0.0056344211590357695,0.15879997164942572,0.008355840484759881,0.1319063811364632,4.79394449116905,0.001948,0.000232,0.00037559999999999997,0.17995400536604061,0,0,0,0,0,0.0,0,0,0
7.0910139083862305,0.004401508409207263,0.005470666801647479,0.14160644669278433,0.0,0.07037206452910462,2.0296934865900385,0.000534,0.0002136,0.0003176,0.4796423825057389,0,0,0,0,0,0.0,0,0,0
7.203291654586792,0.7748270309925794,1.0,1.0,0.7726262767879758,1.7747495560369757,39.761755100861215,0.08790083333333333,0.095444,0.0045136,0.031092415942348798,1,1,0,1,0,0.0,0,0,0
7.293020486831665,1.0,0.04979273558971425,0.0785440264954477,0.22517296900742056,13.349936191917731,276.01422018348626,0.11573800000000001,0.0045042,0.000336,0.002836866977618808,1,0,0,1,0,0.0,0,0,0
7.378692150115967,0.012118107606609582,0.00305320321882616,0.07814441383588452,0.0,0.19517445497728295,4.058668582375479,0.0013325000000000001,0.0002624,0.0003176,0.21316294615890571,0,0,0,0,0,0.0,0,0,0
7.650014638900757,0.0067454807235569755,0.0038426818189983987,0.09723042022769483,0.0006864269202521847,0.10981317575277576,2.3198776758409787,0.0006306666666666666,0.0002808,0.000336,0.4204484783769354,0,0,0,0,0,0.0,0,0,0
7.730405569076538,1.0,0.05797397765002375,0.09643082093910385,0.9966272596382215,10.96099636734164,282.8502554278416,0.11398066666666666,0.0040376,0.0003176,0.0027284467028519943,1,0,0,1,0,0.0,0,1,0
7.957792282104492,0.3078286069547538,0.005921754277241528,0.11047243803867082,0.0,2.8384140460232183,74.44165070242657,0.030626833333333336,0.00035999999999999997,0.0003176,0.010297367838017475,0,0,0,1,0,0.0,0,0,0
8.03331995010376,0.086667860304198,0.0055137895967605375,0.11557495665559926,0.0,0.7977668854954495,20.743694125159642,0.008242166666666667,0.0003204,0.0003176,0.03765528656036663,0,0,0,1,0,0.0,0,0,0
8.11391544342041,0.020288282444585283,0.005403123178520609,0.12830634097478827,0.0,0.20085772577360386,5.132721712538227,0.0018386666666666666,0.0002992,0.000336,0.16648608651991226,0,0,0,0,0,0.0,0,0,0
8.211364507675171,0.018766505650139778,0.005022830503109998,0.12855552589566424,0.008622364427847137,0.18568449343266694,4.71000957854406,0.0016045,0.0002624,0.0003176,0.18025585434237262,0,0,0,0,0,0.0,0,0,0
8.307471990585327,0.008665317892104668,0.005692917420728393,0.14404647046298083,0.0,0.1003023887188842,2.4777522935779817,0.0006995,0.0002808,0.000336,0.38710569367957787,0,0,0,0,0,0.0,0,0,0
8.390426874160767,1.0,1.0,1.0,0.9956673410539477,1.9999000099990003,71.04997635580776,0.09122466666666668,0.09898979999999999,0.0025786,0.017120069586826447,1,1,0,1,0,0.0,0,0,0
8.481293678283691,1.0,0.14123503128856477,0.17500197586825975,0.0,6.518116232721801,269.84534192895967,0.12897483333333334,0.013241600000000001,0.0004274,0.0031215355325543625,1,0,0,1,0,0.0,0,1,0
8.558371543884277,0.3594388461190732,0.009373024036475972,0.13617620212403145,0.0,2.707089458068291,108.26157407407408,0.044270833333333336,0.0008392,0.0003176,0.007093346444013411,0,0,0,1,0,0.0,0,0,0
8.632756471633911,0.0841458738401426,0.0048809419205643025,0.13412057782445302,0.0,0.6640324248735973,26.13017702070808,0.009913166666666666,0.00041799999999999997,0.0002992,0.029437325978374587,0,0,0,1,0,0.0,0,0,0
8.708815336227417,0.02403786701980521,0.0032065565829648267,0.1576234478617581,0.0,0.17336942587469276,7.037614678899082,0.002706,0.0002624,0.000336,0.117341379599363,0,0,0,1,0,0.0,0,0,0
8.789048671722412,0.015004639980971816,0.002738469403487963,0.16536834898666805,0.002985706471069211,0.10783397244084074,4.411926605504588,0.00161,0.0002136,0.000336,0.1933078657891103,0,0,0,0,0,0.0,0,0,0
8.870624542236328,0.005452114517600473,0.0037799311352594766,0.17363310440448101,0.0,0.05371483854414595,2.1512996941896025,0.0005571666666666666,0.0002808,0.000336,0.4630352696904829,0,0,0,0,0,0.0,0,0,0
8.9431312084198,0.0039751624396084,0.005448738788775915,0.18132511681271785,0.0012491051808081635,0.052494943344673056,2.0105504587155965,0.000389,0.0003876,0.000336,0.5405753265975932,0,0,0,0,0,0.0,0,0,0
9.031222820281982,1.0,0.5402455822602308,0.4650840444369335,0.9980124187801958,3.311260565965221,284.59662888695146,0.22458666666666668,0.036459200000000004,0.0008175999999999999,0.0033173445835964336,1,0,1,1,1,4.554415991049651,0,0,0
9.118345975875854,0.5045857979960274,0.018101423020273323,0.190323087005111,0.0,2.7453983087789613,260.6116698595147,0.10757183333333332,0.0011595999999999998,0.0003176,0.002933472429022929,1,0,0,1,0,4.554415991049651,0,0,0
9.192824125289917,0.09080978727927357,0.010011187355103753,0.21051718947416018,0.0,0.4791677967327493,44.1052752293578,0.0185165,0.0006134,0.000336,0.01779233171684351,0,0,0,1,0,0.0,0,0,0
9.277348756790161,0.018785367592505164,0.00785892879248988,0.221428394579468,0.0,0.1207262682319542,9.631804281345566,0.0036416666666666667,0.00045779999999999996,0.000336,0.08579424361479746,0,0,0,1,0,0.0,0,0,0
9.354639768600464,0.008984199486432334,0.005925737361127388,0.2319001031048135,0.0,0.06469797490037538,4.799541284403669,0.0016629999999999998,0.0003296,0.000336,0.18057137943635934,0,0,0,0,0,0.0,0,0,0
9.43474817276001,0.00951183894232358,0.004722681429130535,0.2299541695767973,0.005019739199107413,0.06230932652871969,4.858077905491699,0.0016783333333333335,0.00025039999999999996,0.0003176,0.17368731907570928,0,0,0,0,0,0.0,0,0,0
9.543807744979858,0.0036154406505092495,0.004300030230836335,0.2454467142843876,0.0,0.03264336443965695,2.1821519795657727,0.0005976666666666666,0.0002136,0.0003176,0.4375700350864303,0,0,0,0,0,0.0,0,0,0
9.628891229629517,1.0,1.0,1.0,0.9981922796747453,1.9999000099990003,194.48762343647135,0.2181295,0.0771972,0.001419,0.0053658978924462294,1,1,1,1,0,0.0,0,0,0
9.703441143035889,0.5578603378495489,0.015372703545000515,0.22046270550716723,0.0,2.599410630533451,294.63051102204406,0.11638149999999998,0.0011350000000000002,0.0002992,0.0025558996262680196,1,0,0,1,0,0.0,0,0,0
9.788187026977539,0.11795299954563071,0.0048272632759886825,0.2604449940203404,0.0,0.47162780188371733,54.65741590214068,0.023391833333333334,0.0003388,0.000336,0.014240236749586849,0,0,0,1,0,0.0,0,0,0
9.86217999458313,0.02359011021569544,0.004181826616837722,0.2573170511817077,0.0,0.10827541029074522,11.629869093231163,0.004475833333333333,0.0002808,0.0003176,0.06838470559695226,0,0,0,1,0,0.0,0,0,0
9.937780857086182,0.011512792977990165,0.004848833952141776,0.2848106034980955,0.0,0.057778217897186755,5.731727828746177,0.0020878333333333335,0.0003112,0.000336,0.14772131085077508,0,0,0,1,0,0.0,0,0,0
10.01896047592163,0.01142350186368024,0.006038605718410824,0.3178378284000654,0.005667105374685157,0.05523755279599013,5.342738407699038,0.0019735,0.0003692,0.00035719999999999995,0.16273200244189118,0,0,0,0,0,0.0,0,0,0
10.099555253982544,0.0033367486252445563,0.004503645765198523,0.2965514417089454,0.0,0.026766748021517,2.183269476372925,0.0005493333333333333,0.0002624,0.0003176,0.44936613341382436,0,0,0,0,0,0.0,0,0,0
10.174006462097168,0.009059195354863719,0.07880135802514522,0.8491203723822617,0.007390821042241441,0.1035780066524535,6.102186017735614,0.0014265,0.004391399999999999,0.0008698000000000001,0.21416576794850967,0,1,0,0,0,0.0,0,0,0
10.250729322433472,1.0,0.5765905508999631,0.7642851746144992,0.9954704023225681,2.062691170972975,297.45958166234163,0.22139483333333332,0.030691399999999997,0.0007478000000000001,0.003118306236798733,1,1,1,1,0,0.0,0,1,0
10.328653335571289,0.49326404404069646,0.02150128888153732,0.3400810630248158,0.0,1.5135038039571151,252.46104725415069,0.10423533333333333,0.0010923999999999999,0.0003176,0.003027911701925356,1,0,0,1,0,0.0,0,0,0
10.411252737045288,0.051940832869966085,0.00883818742356419,0.37799592641642304,0.0,0.1610147479517672,25.171024464831806,0.010447166666666667,0.0004274,0.000336,0.03139128804558712,0,0,0,1,0,0.0,0,0,0
10.49311375617981,0.012428031325971697,0.006097895358613749,0.3752170034442155,0.0,0.04962718585531357,6.61190932311622,0.0023803333333333337,0.0002808,0.0003176,0.12460700665930811,0,0,0,1,0,0.0,0,0,0
10.56646728515625,0.007699091354811881,0.006371259299183849,0.39203769199301564,0.0014850756918260329,0.03613616069900294,4.291507024265645,0.0014113333333333332,0.0002808,0.0003176,0.2010364093648195,0,0,0,0,0,0.0,0,0,0
10.644451141357422,0.004723895159663378,0.00667533090555697,0.4345443685365566,0.0008743494822574371,0.02645663189871327,2.7690366972477065,0.0008265,0.0002808,0.000336,0.3376952300548755,0,0,0,0,0,0.0,0,0,0
10.718387365341187,0.0021266890398639574,0.0053072988901973804,0.40443901147216377,0.0,0.018623637563764974,1.6773547094188377,0.000356,0.0002136,0.0002992,0.6179775280898877,0,0,0,0,0,0.0,0,0,0
10.795352697372437,0.7457503566954959,1.0,1.0,0.744687012175564,1.7456757891165844,105.44067343666487,0.119222,0.1174134,0.0021452000000000003,0.011310167910546128,1,1,1,1,0,0.0,0,0,0
10.88471269607544,0.7674933192267909,0.07375199645180533,0.21921661409645277,0.02174296253129493,3.836213317193484,228.3330279711738,0.11631516666666668,0.008209,0.0004458,0.003676987103051591,1,0,0,1,0,0.0,0,1,0
10.955840826034546,0.2402301362838431,0.004664782653607195,0.17240116458372784,0.0,1.4202508112258905,81.39740061162081,0.03489166666666667,0.0004976,0.000336,0.009548105591438833,0,0,0,1,0,0.0,0,0,0
11.03405499458313,0.06199637896519215,0.003508890441134207,0.16086805959927314,0.0,0.4075670016129251,22.671259185036742,0.008593166666666667,0.0003572,0.0002992,0.033971098830313295,0,0,0,1,0,0.0,0,0,0
11.117523193359375,0.020771917071921674,0.0037173402794707005,0.18989737884189417,0.0,0.1294189293624638,7.337155963302753,0.002739,0.00035999999999999997,0.000336,0.11370558375634517,0,0,0,1,0,0.0,0,0,0
11.1904616355896,0.012751404994215235,0.0037837892799400196,0.19836110145867272,0.002365446458254398,0.08382093091234478,4.725840978593271,0.0016096666666666666,0.00035079999999999996,0.000336,0.18460050838393974,0,0,0,0,0,0.0,0,0,0
11.27027416229248,0.003718240168081575,0.002864529959996198,0.16248129592183433,0.0,0.041104175546064714,2.2094370860927155,0.0004475,0.0002532,0.0002624,0.43775649794801647,0,0,0,0,0,0.0,0,0,0
11.3512704372406,0.10938800581742647,0.5518012109265786,1.0,0.10752888573338568,0.6612230944345616,22.929337988104475,0.012542833333333335,0.046468999999999996,0.002478,0.06129986386053911,0,1,0,1,0,0.0,0,0,0
11.431957006454468,1.0,0.2867778326048351,0.28052286489118283,0.9453059970912867,4.585791086923184,319.5044596012592,0.220477,0.0230132,0.0006624,0.0028273266584976954,1,0,1,1,1,4.540283842348884,0,0,0
11.508454084396362,0.5458737112428372,0.06258006252454389,0.14895281485098658,0.0,4.082806315169385,274.9309633027523,0.11497249999999999,0.0047974,0.000336,0.0028510591430157455,1,0,0,1,0,4.540283842348884,0,0,0
11.586383819580078,0.08736274100425152,0.004089075392650176,0.15605661469002743,0.0,0.5862820257638977,41.197324159021406,0.017562833333333333,0.0002992,0.000336,0.01893773580581005,0,0,0,1,0,0.0,0,0,0
11.681808233261108,0.01573664785333714,0.003623043858919447,0.16521821269790088,0.0,0.11771051352833597,7.657262996941896,0.0029881666666666667,0.00025039999999999996,0.000336,0.10706069534222248,0,0,0,1,0,0.0,0,0,0
11.75551176071167,0.009110224007971058,0.003967704163886489,0.16320569970309243,0.001241900081302488,0.0806948452859665,4.831736909323116,0.0016553333333333333,0.0002624,0.0003176,0.17520116506568206,0,0,0,0,0,0.0,0,0,0
11.834444046020508,0.008114786501087398,0.0036775382939547197,0.18100387463746084,0.003559674497101869,0.06566576678079654,3.9873853211009176,0.0014065,0.000232,0.000336,0.21737724008539822,0,0,0,0,0,0.0,0,0,0
11.90581727027893,0.0037209770263896035,0.004142234631852494,0.18889437420559596,0.0,0.042134649201670864,2.2211009174311926,0.000618,0.00025039999999999996,0.000336,0.43736332396126215,0,0,0,0,0,0.0,0,0,0
11.98073410987854,0.5162471330045376,1.0,1.0,0.5143866444913429,1.5161955134531921,22.753626989926243,0.08198566666666667,0.1608002,0.0105746,0.05925281364853947,1,1,1,1,0,0.0,0,0,0
12.060508012771606,1.0,0.0667843582070084,0.051159898111017475,0.4837528669954624,20.813236028998254,320.0321532965248,0.18673700000000001,0.010238800000000001,0.0005158,0.0026741976940307215,1,0,0,1,0,0.0,0,1,0
12.146693468093872,0.39712938056912334,0.005364940273705212,0.0312454570715819,0.0,12.843785302713755,178.64654308617233,0.0704345,0.0007812,0.0002992,0.004219836560314186,1,0,0,1,0,0.0,0,0,0
12.222773790359497,0.06994335761722624,0.002236637156518772,0.036721284183118943,0.0,1.962994946463123,28.130045871559634,0.011853500000000001,0.0003112,0.000336,0.02790646682535701,0,0,0,1,0,0.0,0,0,0
12.297270774841309,0.016363272871983504,0.0019717959692436018,0.03839370796983882,0.0,0.47891122506752615,6.9145259938837915,0.0026523333333333334,0.0002624,0.000336,0.11958259978266336,0,0,0,1,0,0.0,0,0,0
12.375804901123047,0.011658110982940794,0.0020665806746325973,0.03803572186130995,0.003476474546949042,0.3625129139511329,5.1853448275862055,0.001803,0.0002624,0.0003176,0.1620044479810655,0,0,0,0,0,0.0,0,0,0
12.461281538009644,0.003910581933643014,0.0026324610313291324,0.042349020577031875,0.0,0.1564946110574465,2.2758409785932723,0.0005746666666666666,0.0003176,0.000336,0.43908558684137167,0,0,0,0,0,0.0,0,0,0
12.535125970840454,0.0027488285380986317,0.003118578840860769,0.04183669384426275,0.0007935375712771245,0.14229560873635214,2.02705938697318,0.00038649999999999996,0.00035999999999999997,0.0003176,0.527136929460581,0,0,0,0,0,0.0,0,0,0
12.607312440872192,1.0,0.816947071538873,0.15992788256701287,0.9986255857309507,11.35456548191201,230.71386337239997,0.20092266666666667,0.09032280000000001,0.0011627999999999999,0.004557920396685935,1,0,1,1,1,6.27881023683854,0,0,0
12.696076154708862,0.6158609173273258,0.017928937170501973,0.04072514502611457,0.0,15.526946789591271,313.35337885154064,0.11734516666666667,0.0018798000000000003,0.0002808,0.002370159356077447,1,0,0,1,0,6.27881023683854,0,0,0
12.778448581695557,0.14177766219621135,0.0066346654988973545,0.05582232957486661,0.0,2.6556892179587446,56.771440823327616,0.025716,0.0006621999999999999,0.00036639999999999996,0.01403115344965711,0,0,0,1,0,0.0,0,0,0
12.861571788787842,0.02792275244368279,0.002249121875927029,0.04790666807880855,0.0,0.6305764497114235,12.857631930527724,0.004819166666666667,0.0002136,0.0002992,0.06047710615430017,0,0,0,1,0,0.0,0,0,0
12.938318014144897,0.01192502115405596,0.002557560464096334,0.053240368740807335,0.0,0.27338734175259055,5.502474457215836,0.0019658333333333333,0.000232,0.0003176,0.15087647068138274,0,0,0,0,0,0.0,0,0,0
13.017743110656738,0.012408441697486991,0.0030333566369208625,0.055829375917585376,0.006445931120459011,0.2778825631330026,5.538952745849297,0.0019506666666666667,0.0002624,0.0003176,0.1506565132694108,0,0,0,0,0,0.0,0,0,0
13.098777532577515,0.002802065071007562,0.0031839264985379775,0.051810638236193,0.0,0.11723977543590054,2.05374649859944,0.00041966666666666666,0.0002624,0.0002808,0.4865651641522076,0,0,0,0,0,0.0,0,0,0
13.189103364944458,0.6360266508952843,1.0,1.0,0.6346256183597805,1.6359630545898254,21.69413483493943,0.0902505,0.1338714,0.010235600000000001,0.060007032752011545,1,1,1,1,0,0.0,0,0,0
13.269984245300293,0.8202948616212561,0.033735195799843104,0.03445289067141936,0.18426821072597177,24.7194964248707,264.46406727828753,0.11090333333333334,0.0043029999999999995,0.000336,0.00296074023205389,1,0,0,1,0,0.0,0,1,0
13.352070808410645,0.5006446739649999,0.00723626848192687,0.04045057567567409,0.0,12.527095706600774,137.56125595738717,0.06444533333333333,0.0008788000000000001,0.00037559999999999997,0.005780897223158229,0,0,0,1,0,0.0,0,0,0
13.435483694076538,0.06319325369660023,0.003540014401671735,0.038036057720825404,0.0,1.7524954621037174,18.917048929663608,0.007738833333333334,0.00040899999999999997,0.000336,0.042082938457877396,0,0,0,1,0,0.0,0,0,0
13.515525102615356,0.020761075569300114,0.0022154057737233356,0.035530354908411395,0.0,0.6476635274148138,6.933032732130927,0.0024236666666666664,0.000244,0.0002992,0.11641721356125653,0,0,0,1,0,0.0,0,0,0
13.594478845596313,0.018474851638088194,0.00203312482255554,0.039538281367752504,0.008094313853438137,0.5199008571902725,5.677522349936142,0.0020573333333333333,0.0002136,0.0003176,0.14532188003318855,0,0,0,1,0,0.0,0,0,0
13.681112051010132,0.005748493203160293,0.002445940190164249,0.03922763227940198,0.0,0.21090599440101018,2.3843520374081497,0.0006078333333333334,0.000244,0.0002992,0.39669421487603307,0,0,0,0,0,0.0,0,0,0
13.761348724365234,0.4849275584932674,1.0,1.0,0.48205331189168726,1.484879070586209,21.562225050276524,0.04887366666666667,0.134012,0.008386399999999999,0.06486961463232764,0,1,0,1,0,0.0,0,0,0
13.846487283706665,1.0,0.11812978763239858,0.07427647425041424,0.7575362207533662,15.034724338605907,316.27557803468204,0.2037175,0.0150452,0.000592,0.0027826790637525876,1,0,0,1,0,0.0,0,1,0
13.925765752792358,0.439206674909865,0.004546126421624437,0.04178243209446078,0.0,10.597588992215945,205.90166028097062,0.08533233333333333,0.0005522,0.0003176,0.0037075234086055018,1,0,0,1,0,0.0,0,0,0
14.005282640457153,0.0847630428632353,0.003083912927265038,0.04635515638010781,0.0,1.8931581043640486,37.066590214067276,0.015703833333333334,0.0003572,0.000336,0.02110797609270422,0,0,0,1,0,0.0,0,0,0
14.086451768875122,0.015662670306592023,0.002711607213982249,0.04866005379453144,0.0,0.378881401534594,7.255810397553517,0.0027643333333333335,0.0002992,0.000336,0.11413612091182078,0,0,0,1,0,0.0,0,0,0
14.192362785339355,0.008780865688979308,0.002355881648888581,0.046162928078927315,0.0009495305356832968,0.2428888054534146,4.505678022712091,0.0014546666666666666,0.000244,0.0002992,0.18687541638907396,0,0,0,0,0,0.0,0,0,0
14.266634941101074,0.003851454392236399,0.0025274454456887057,0.05419445571561574,0.0,0.11932893980667891,2.2035168195718655,0.0006103333333333333,0.00025039999999999996,0.000336,0.44177199656399563,0,0,0,0,0,0.0,0,0,0
14.347142934799194,0.004395614575956383,0.002067426877351421,0.047524281971432554,0.002469887379838184,0.13780872239175485,2.5184698879551823,0.0006638333333333334,0.0001952,0.0002808,0.35956053712129615,0,0,0,0,0,0.0,0,0,0
14.439675569534302,1.0,0.41303562471976557,0.1495731183789827,0.9978021927120219,9.44147913816834,275.46193833226516,0.22088866666666665,0.036898799999999995,0.0008361999999999999,0.0034407565527717634,1,0,1,1,1,5.14516675648606,0,1,0
14.519038200378418,0.5069763854994149,0.014291749929488807,0.05611907114051815,0.0,9.273866053847762,270.8260688042752,0.10679616666666668,0.0012176,0.0002992,0.0027825640124573055,1,0,0,1,0,5.14516675648606,0,0,0
14.798377752304077,0.011869720459535004,0.0032180717579376092,0.0744757923412901,0.0,0.20365579420151386,5.614296636085626,0.0021158333333333333,0.000232,0.000336,0.1490000147817475,0,0,0,0,0,0.0,0,0,0
14.878422975540161,0.003966447034111028,0.004528246434805762,0.07812640827004887,0.0,0.10986946299830953,2.4889908256880733,0.000674,0.0003112,0.000336,0.3903708523096942,0,0,0,0,0,0.0,0,0,0
14.959367275238037,0.003628823070964011,0.004007471629772004,0.07750955356125924,0.001645599553908497,0.09968224716857256,2.2746647509578546,0.0005875,0.0002624,0.0003176,0.4263430611861358,0,0,0,0,0,0.0,0,0,0
15.04291296005249,1.0,1.0,0.31314081980464004,0.998185588464518,6.385183135606047,215.01628047857034,0.2062685,0.077582,0.0012206,0.004827984749485499,1,0,1,1,1,6.787662001558722,0,1,0
15.120380878448486,0.4183631240913834,0.012771553507220047,0.08534152012243022,0.0,5.047132553127353,199.79805236270755,0.08238966666666667,0.000946,0.0003176,0.0038284771516901477,1,0,0,1,0,6.787662001558722,0,0,0
15.201919555664062,0.07558941794404526,0.0040228650565993515,0.08960471383623768,0.0,0.8886075167261003,34.8698116219668,0.014177833333333334,0.00028379999999999996,0.0003176,0.022135314422291063,0,0,0,1,0,0.0,0,0,0
15.286916255950928,0.01445085041905876,0.004325032609201708,0.09973737998652943,0.0,0.18906628990872254,6.803134556574923,0.0025761666666666667,0.00029,0.000336,0.12217441367189866,0,0,0,1,0,0.0,0,0,0
15.379968881607056,0.009743543895368894,0.003657962986374242,0.09966877151556025,0.0025181186858395143,0.13532798566771365,4.7294061302682,0.0016430000000000001,0.000232,0.0003176,0.17820671080686792,0,0,0,0,0,0.0,0,0,0
15.475292205810547,0.0030658100538299557,0.003872476564904118,0.11162651867093688,0.0,0.06299566747858334,1.8814984709480125,0.0004883333333333333,0.000232,0.000336,0.5354297248486135,0,0,0,0,0,0.0,0,0,0
15.5753812789917,0.015341158610539824,0.23178683986856885,0.4369343188450995,0.013808253583624846,0.5656947013507538,11.563688875609998,0.0023016666666666667,0.013079799999999999,0.0012388,0.12205471246006389,0,0,0,1,0,0.0,0,0,0
15.655758619308472,1.0,0.28319836938438014,0.16830785042181182,0.9923294206947301,7.620181399917507,311.2879115597212,0.15737133333333334,0.0152312,0.0004548,0.002731366610576627,1,0,0,1,0,0.0,0,1,0
15.745760917663574,0.36113957329778396,0.013593536612492808,0.13121731576418333,0.0,2.8544073394204434,125.3409021406728,0.05385583333333333,0.0006928,0.000336,0.006191093252482241,0,0,0,1,0,0.0,0,0,0
15.847370862960815,0.04332866017889317,0.007447624387591626,0.13179960196409432,0.0,0.3857197732888863,15.655810983397188,0.006080666666666666,0.0003572,0.0003176,0.050452847133380226,0,0,0,1,0,0.0,0,0,0
15.927044153213501,0.017692948348704676,0.004670826358056382,0.14623759668730416,0.0,0.15350651654312672,6.149311926605505,0.0023675000000000002,0.0002136,0.000336,0.1346337241451159,0,0,0,1,0,0.0,0,0,0
16.00143337249756,0.015020721270939013,0.005303892042433868,0.15288795017356985,0.006174247096586675,0.13350471909846814,5.170871559633028,0.0019225,0.000232,0.000336,0.16297230440898286,0,0,0,0,0,0.0,0,0,0
16.084989070892334,0.004469413648154318,0.004691164702853134,0.13431523022415584,0.0,0.06889530550640852,2.2042191876750703,0.0005441666666666666,0.0001952,0.0002808,0.42462673777383486,0,0,0,0,0,0.0,0,0,0
16.167256116867065,0.00717365462454006,0.007320798612942272,0.16882121802051564,0.004938947800462902,0.08639798723041307,2.801605504587156,0.0008314999999999999,0.00029,0.000336,0.33416210840377925,0,0,0,0,0,0.0,0,0,0
16.246257066726685,1.0,0.275082603065005,0.2187039822489224,0.99641317268773,5.827967982841798,379.8777820910973,0.18521883333333333,0.010394200000000001,0.00041519999999999995,0.0021686518176230675,1,0,0,1,0,0.0,0,1,0
16.3270902633667,0.6666470270229929,0.05483962955425823,0.2076405848416408,0.0,3.4734987249954634,251.73444070647608,0.1176505,0.0019744000000000003,0.00037559999999999997,0.0031606812597687853,1,0,0,1,0,0.0,0,0,0
16.40286684036255,0.1237743968632641,0.006742512831565545,0.194357079214608,0.0,0.6717004607000056,48.64296636085627,0.020876333333333334,0.000232,0.000336,0.015988173826978775,0,0,0,1,0,0.0,0,0,0
16.479332208633423,0.018435690790669434,0.009467311081614718,0.19230688926325448,0.0,0.14554053640963943,8.097940613026818,0.0029704999999999996,0.0003112,0.0003176,0.10059482709472259,0,0,0,1,0,0.0,0,0,0
16.564318895339966,0.009231957362849501,0.009576666489896784,0.21405202523060415,1.4111967514784246e-05,0.08829533053626282,4.158333333333333,0.0014138333333333331,0.0002992,0.000336,0.2108760141086095,0,0,0,0,0,0.0,0,0,0
16.64732789993286,0.006875677999181011,0.009445003261397616,0.2391353327308463,0.00225969931775626,0.0686381943383457,3.0244969378827653,0.001002,0.0002808,0.00035719999999999995,0.3051739457316656,0,0,0,0,0,0.0,0,0,0
16.72630786895752,0.002451861966300429,0.007532036290758574,0.20999068704096113,0.0,0.04799783559702938,1.63936205744823,0.00034083333333333334,0.0002136,0.0002992,0.6379621600875635,0,0,0,0,0,0.0,0,0,0
16.811397552490234,0.6730527786548599,1.0,1.0,0.6718268476717096,1.6729854801068493,47.474902737251625,0.08892066666666666,0.093207,0.0037384000000000002,0.02580968235901123,1,1,0,1,0,0.0,0,0,0
16.888976097106934,1.0,0.15614696678201226,0.14704502753868343,0.3269472213451401,7.857873188939688,250.05078958600083,0.14223733333333333,0.013894399999999998,0.0005248,0.0034853300898039217,1,0,0,1,0,0.0,0,1,0
16.961681365966797,0.3529893582736675,0.005551775500708509,0.0929424274035818,0.0,3.854597776331979,116.48866538952744,0.04807266666666666,0.000473,0.0003176,0.006567890954260514,0,0,0,1,0,0.0,0,0,0
17.036601066589355,0.04103118592929136,0.004792173286583572,0.0971999318561319,0.0,0.4719773009068229,13.96926883780332,0.005343166666666666,0.0003904,0.0003176,0.0569440277500535,0,0,0,1,0,0.0,0,0,0
17.12274146080017,0.015932861444512395,0.004021865599610784,0.10233665578193009,0.0,0.19577686220854595,5.703703703703703,0.0019706666666666666,0.0003112,0.0003176,0.14721514919285061,0,0,0,1,0,0.0,0,0,0
17.210887670516968,0.016167169236042826,0.00357468551661171,0.11412375406270353,0.008200738513786629,0.17371040652159164,5.1821100917431195,0.001897,0.0002624,0.000336,0.16354821751912932,0,0,0,0,0,0.0,0,0,0
17.287503957748413,0.004582901091289115,0.0038734345530739385,0.1063875500290797,0.0,0.0803505728324718,2.217601870407482,0.0005136666666666667,0.0002716,0.0002992,0.44219362720949024,0,0,0,0,0,0.0,0,0,0
17.36555767059326,0.010150511465481281,0.005241935798341005,0.12517977079658918,0.007859060919836723,0.12366280018963827,3.524388379204893,0.0010858333333333334,0.00035079999999999996,0.000336,0.25919659341620077,0,0,0,0,0,0.0,0,0,0
17.445290327072144,1.0,0.7181878512654929,0.3517510931059647,0.9949247442672594,4.883565476796764,280.1704992334866,0.23430133333333333,0.045825199999999996,0.0009002,0.0034385492566387705,1,0,1,1,1,5.980418996986322,0,1,0
17.523542881011963,0.29218539559010054,0.008868388860947957,0.10744286006469762,0.0,2.8003140726392695,182.03780353200884,0.0653305,0.00054,0.0002624,0.003996679587842417,1,0,0,1,0,5.980418996986322,0,0,0
17.616114616394043,0.054624993180916924,0.006248683747844144,0.13744511213107669,0.0,0.4432994817776938,28.774345466155804,0.011556166666666666,0.00035999999999999997,0.0003176,0.026978890886696024,0,0,0,1,0,0.0,0,0,0
17.703284740447998,0.013120062154054632,0.004798245797981647,0.13640899584224908,0.0,0.131993557207456,7.507682030728122,0.0026346666666666667,0.0002624,0.0002992,0.10715922982885086,0,0,0,1,0,0.0,0,0,0
17.77912473678589,0.007433149783559231,0.006482655682924714,0.17479450692349965,0.0008731187065319154,0.08013862592388095,3.9993567753001718,0.0014264999999999998,0.0003388,0.00036639999999999996,0.22481561928603863,0,0,0,0,0,0.0,0,0,0
17.85549259185791,0.005076018683964135,0.005623861304396128,0.15859180925226585,0.0013594437921845195,0.06805568629690358,3.140485312899106,0.0009306666666666668,0.0002808,0.0003176,0.2889514289873356,0,0,0,0,0,0.0,0,0,0
17.936612606048584,0.0026211884409115464,0.0062901480812067425,0.19205141319136987,8.317909892947882e-05,0.04689706087742172,1.8375500285877646,0.0004578333333333333,0.0002992,0.00036639999999999996,0.5748773574051024,0,0,0,0,0,0.0,0,0,0
18.023293018341064,1.0,1.0,0.6856288872260256,0.9986894057795442,2.916750391092595,226.52322404371583,0.21763616666666666,0.086258,0.001242,0.004610399581574685,1,1,1,1,0,0.0,0,0,0
18.103843688964844,0.5708327965505821,0.02977278977693898,0.19625687192778288,0.0,3.0592542060277452,275.61622607110303,0.11839300000000001,0.0024473999999999997,0.0003388,0.002826597110797267,1,0,0,1,0,0.0,0,0,0
18.18991470336914,0.12214618561927877,0.006644492098747955,0.20491228438670941,0.0,0.6286973393014027,56.60963302752294,0.024063,0.0005188,0.000336,0.013785022572974462,0,0,0,1,0,0.0,0,0,0
18.263222217559814,0.02452078481256619,0.004571019244801342,0.20236834366368953,0.0,0.1441795963217669,12.129070881226054,0.0046235,0.00034159999999999995,0.0003176,0.06577666585205222,0,0,0,1,0,0.0,0,0,0
18.33482265472412,0.011065382813357623,0.006097742266026283,0.2234557351804025,0.0,0.07722067638055943,5.8155963302752305,0.0019990000000000003,0.0004366,0.000336,0.1486094402377751,0,0,0,1,0,0.0,0,0,0
18.40838122367859,0.01121000924593596,0.0033858823738503645,0.23350170425012853,0.005677317839257149,0.06291003598180402,5.206422018348624,0.0019379999999999998,0.000232,0.000336,0.16175621028307335,0,0,0,0,0,0.0,0,0,0
18.48679256439209,0.00391701521343489,0.003548382070801358,0.2313075351198835,0.0,0.032692959977802374,2.34235312899106,0.0006461666666666666,0.000232,0.0003176,0.40439709689741526,0,0,0,0,0,0.0,0,0,0
18.559383392333984,0.008033774125822546,0.007603203794103589,0.2415667008187018,0.0060752665191051,0.06511852012136338,4.418103448275862,0.001269,0.000476,0.0003176,0.20429692525408466,0,0,0,0,0,0.0,0,0,0
18.635194301605225,1.0,0.6140652698129009,0.6266648351911586,0.9959831129370887,2.5753922032345558,298.991661032229,0.22848500000000002,0.0367402,0.0007874000000000001,0.0031429480133886227,1,0,1,1,0,0.0,0,0,0
18.71659541130066,0.48558939217164343,0.016919008614906847,0.28074624575126633,0.0,1.7896212194044754,244.82576452599395,0.10567983333333335,0.0009641999999999999,0.000336,0.003162104337773475,1,0,0,1,0,0.0,0,0,0
18.7987380027771,0.08952339847883463,0.009111996159397796,0.2948772304756991,0.0,0.3347220884778308,43.90802752293578,0.0185495,0.0004944,0.000336,0.017828584527123326,0,0,0,1,0,0.0,0,0,0
18.875646352767944,0.017670448119080702,0.006947136687348333,0.336686500553581,0.0,0.07339244526072267,8.483776443682105,0.003496833333333333,0.00035999999999999997,0.00036639999999999996,0.09868474211069712,0,0,0,1,0,0.0,0,0,0
18.952582120895386,0.008800904667919753,0.005673823770780029,0.32328452182284023,0.0,0.04506934455782103,4.688379204892966,0.0016633333333333333,0.0002808,0.000336,0.18342480310948714,0,0,0,0,0,0.0,0,0,0
19.034283876419067,0.008548804693914192,0.004532030369358598,0.33946713577677096,0.004148352359954316,0.03881658050659466,4.248318042813456,0.0015386666666666667,0.0002136,0.000336,0.20158064825776725,0,0,0,0,0,0.0,0,0,0
19.117843627929688,0.001514657435953824,0.005174576085986235,0.33731385624701377,0.0,0.020121383269363427,1.4160280970625798,0.0002593333333333333,0.000232,0.0003176,0.7969220475075277,0,0,0,0,0,0.0,0,0,0
19.20163345336914,0.7559410200881371,1.0,1.0,0.7551836913701602,1.7558654335447827,110.61438947598116,0.12310533333333333,0.1133546,0.0020386000000000002,0.010666703316490462,1,1,1,1,0,0.0,0,0,0
19.285034894943237,0.7414220360606945,0.07915151063126145,0.23449984615098463,0.0,3.498184505047731,222.61018985820715,0.11486833333333334,0.0085358,0.0004548,0.0037903217562024155,1,0,0,1,0,0.0,0,0,0
19.370951414108276,0.24350732484300752,0.006911230361356088,0.17238907280912943,0.0,1.4523734815455758,87.7530332056194,0.035837666666666664,0.0007080000000000001,0.0003176,0.008758367237382271,0,0,0,1,0,0.0,0,0,0
19.455644607543945,0.03173903302726883,0.004982329163656445,0.19184833323140107,0.0,0.1918295489783478,11.526834862385321,0.0044405,0.0004852,0.000336,0.07101161969896146,0,0,0,1,0,0.0,0,0,0
19.531872272491455,0.012822248232292159,0.003146836960559818,0.18979763332304173,0.0,0.08461972333018114,5.045019157088122,0.001714,0.0002928,0.0003176,0.1680707844714449,0,0,0,0,0,0.0,0,0,0
19.616156101226807,0.015165911835561794,0.0018627029571534198,0.23605820975643324,0.008754787719415714,0.07253025338556374,4.609896271376507,0.0019276666666666667,0.0001648,0.00037559999999999997,0.18533992144271697,0,0,0,0,0,0.0,0,0,0
19.697160005569458,0.0049753687778425005,0.002534073929392912,0.2356332707735354,0.0,0.032279884304263796,2.0037182852143487,0.0006025000000000001,0.0002136,0.00035719999999999995,0.4888730736594311,0,0,0,0,0,0.0,0,0,0
19.777384519577026,0.03800569135265164,0.29885544631522404,1.0,0.035518006963730385,0.33692744492338333,16.333123185083295,0.004386833333333333,0.024011200000000003,0.0016448,0.08751937277782842,0,1,0,1,0,0.0,0,0,0
19.857876300811768,1.0,0.3303678916651399,0.47514398991587403,0.9809971543236742,2.7995470114217635,295.7721748737374,0.22447233333333336,0.025296000000000003,0.0007448,0.0031078665019449196,1,0,1,1,0,0.0,0,1,0
19.93569564819336,0.2502920657577135,0.009684146339515311,0.18766681430776821,0.0,1.385102117517627,142.95553221288517,0.053629666666666666,0.0007078,0.0002808,0.005194771878968229,0,0,0,1,0,0.0,0,0,0
20.01806139945984,0.0503326293976367,0.004737216250502808,0.2636945682885883,0.0,0.20913942999684634,22.48969722455845,0.0102665,0.0003296,0.00037559999999999997,0.03589360356107359,0,0,0,1,0,0.0,0,0,0
20.098466396331787,0.01467676991442847,0.003221168124930942,0.23395494621806234,0.0,0.07689620890383253,7.5832535121328215,0.0028531666666666666,0.0002136,0.0003176,0.1065297552096494,0,0,0,1,0,0.0,0,0,0
20.1925630569458,0.00808182684858293,0.0037011026746665053,0.261831575446681,0.0007434418913686951,0.045366540872306294,4.167813455657493,0.0014851666666666668,0.000232,0.000336,0.20684984917198496,0,0,0,0,0,0.0,0,0,0
20.272982597351074,0.0036151998025992778,0.0019416951723397002,0.24463818380856753,0.0,0.02311406780465349,2.127171008684035,0.0006331666666666666,0.000116,0.0002992,0.4257458615946498,0,0,0,0,0,0.0,0,0,0
20.350472450256348,0.005140192687604195,0.0057786916555366595,0.27199592994344907,0.003332592786304556,0.04049632181352716,3.0869252873563218,0.0008595,0.0003296,0.0003176,0.3003991449596126,0,0,0,0,0,0.0,0,0,0
20.424325942993164,0.7730040701867621,1.0,1.0,0.77043397384296,1.7729267775090112,128.4089058258509,0.1236725,0.1222076,0.0018156,0.009216381198785402,1,1,1,1,0,0.0,0,0,0
20.498255968093872,0.7379087927559046,0.05849275563406246,0.24592691554654658,0.0,3.237456953116475,227.41375821952454,0.11295333333333334,0.006839200000000001,0.0004272,0.003649508660407068,1,0,0,1,0,0.0,0,0,0
20.579668760299683,0.22516635398018905,0.004110648712220377,0.19195220749786168,0.0,1.1943471292563161,79.95003192848021,0.032829333333333335,0.00045779999999999996,0.0003176,0.009594002902367125,0,0,0,1,0,0.0,0,0,0
20.651787042617798,0.05758178087558457,0.002744923500068695,0.2004092246544174,0.0,0.3013662063668152,20.19628033205619,0.008041166666666667,0.0002928,0.0003176,0.03865229727218958,0,0,0,1,0,0.0,0,0,0
20.735302686691284,0.012922179823884532,0.0030667794078235943,0.23693675788515503,0.0,0.06787537669369943,4.654126567512395,0.0017166666666666667,0.0003112,0.00035719999999999995,0.1876654944870196,0,0,0,0,0,0.0,0,0,0
20.807822227478027,0.013555008936780459,0.003392024119557797,0.2072580267411179,0.007093919024838193,0.08221062538187209,5.39562458249833,0.0017243333333333336,0.0003296,0.0002992,0.15566361675118098,0,0,0,0,0,0.0,0,0,0
20.889176607131958,0.003189706439320645,0.003163482478689775,0.23096857553450428,0.0,0.027927592071241205,1.866139846743295,0.00038649999999999996,0.0002928,0.0003176,0.5649436123661461,0,0,0,0,0,0.0,0,0,0
20.97650408744812,0.2127024874314335,0.9556363749608878,1.0,0.21110763421177317,1.1683220301893025,24.17635088970086,0.024462333333333336,0.0839508,0.0043884,0.05864272375344791,0,1,0,1,0,0.0,0,0,0
21.056098222732544,1.0,0.27670015275277027,0.14950514581208088,0.8936487562842832,8.534466818117071,323.7667677324512,0.21164716666666664,0.023178,0.0006256,0.002773615597390662,1,0,1,1,1,4.266958717776449,0,1,0
21.13387107849121,0.46669304222619074,0.008396678259337806,0.08411847938581143,0.0,5.6423450524278325,218.02347094801226,0.09428683333333333,0.0006714000000000001,0.000336,0.0035484334053745106,1,0,0,1,0,4.266958717776449,0,0,0
21.207598447799683,0.0869938181457307,0.006657750133349546,0.08309502169747109,0.0,1.12688916195006,41.731481481481474,0.016817666666666665,0.0005093999999999999,0.0003176,0.018547819424285655,0,0,0,1,0,0.0,0,0,0
21.28098750114441,0.015449534020684151,0.003834601088672518,0.09185193834614797,0.0,0.210807248416952,7.429587155963302,0.0028585,0.0002808,0.000336,0.11100172449107691,0,0,0,1,0,0.0,0,0,0
21.358543634414673,0.008451328408020983,0.005281061754614223,0.09621101391994545,0.0007265613976789069,0.14362210093783048,4.500076452599387,0.0014928333333333332,0.0003692,0.000336,0.19599226919382626,0,0,0,0,0,0.0,0,0,0
21.439550399780273,0.00710189922046997,0.004948563361447291,0.100985069842993,0.0028762350164594783,0.1202003678761815,3.7265290519877676,0.0011951666666666666,0.0003296,0.000336,0.24121872891130905,0,0,0,0,0,0.0,0,0,0
21.525511264801025,0.0027680756556829537,0.005544599287486976,0.10631041609852229,0.0,0.07905875431763071,2.0488532110091744,0.00044249999999999997,0.00035079999999999996,0.000336,0.5145639988973629,0,0,0,0,0,0.0,0,0,0
21.59849214553833,0.5613604265522325,1.0,1.0,0.559976388724391,1.5613042961226202,21.203236838662654,0.085907,0.1409058,0.0106018,0.06219871014736949,1,1,1,1,0,0.0,0,0,0
21.674540042877197,0.7731741692220445,0.029146691789484144,0.027718030471562204,0.211813742669812,28.845351285089247,307.4765406162465,0.11306266666666666,0.0039244,0.0002808,0.00243291069692841,1,0,0,1,0,0.0,0,1,0
21.771557092666626,0.21973680934638695,0.005980046164071564,0.035147447239984066,0.0,6.4066158883215785,71.51750764525995,0.030321833333333336,0.0007597999999999999,0.000336,0.010916990367705461,0,0,0,1,0,0.0,0,0,0
21.85037660598755,0.056507610416069554,0.002970107952563662,0.03482567080758004,0.0,1.7058432090501996,18.914431673052363,0.007438666666666666,0.00035999999999999997,0.0003176,0.04149102943738025,0,0,0,1,0,0.0,0,0,0
21.931877851486206,0.019572538989465132,0.002432358592203829,0.038682901182067936,0.0,0.5699650337631165,6.501834862385321,0.002454,0.0002808,0.000336,0.12812299807815503,0,0,0,1,0,0.0,0,0,0
22.009194135665894,0.015316769994746576,0.0022716374230635997,0.03829432746801205,0.00553050050001401,0.46070366599199164,5.230044699872286,0.0018336666666666666,0.00025039999999999996,0.0003176,0.16008817619108429,0,0,0,0,0,0.0,0,0,0
22.085962057113647,0.0037809186968066695,0.002492300114767962,0.040092788540525726,0.0,0.1585662265047527,1.9030970625798211,0.00043233333333333334,0.0002624,0.0003176,0.5385119707006082,0,0,0,0,0,0.0,0,0,0
22.191152811050415,0.5076257793308878,1.0,1.0,0.5057353199824844,1.507575021828705,21.962049780605696,0.05450716666666667,0.1359224,0.0085754,0.063026324886297,0,1,0,1,0,0.0,0,0,0
22.26351809501648,1.0,0.11607358940778532,0.06875039767888617,0.7461871103345561,16.21157795795962,328.4963386498144,0.20310966666666666,0.015109000000000001,0.0005646,0.002661010121830212,1,0,0,1,0,0.0,0,1,0
22.3407621383667,0.4586963792434558,0.004640645360333012,0.042847851865631975,0.0,10.790691605571162,205.59166666666667,0.08896116666666666,0.0005767999999999999,0.000336,0.0037622926754656044,1,0,0,1,0,0.0,0,0,0
22.420970678329468,0.05235858967530832,0.0030386505574479025,0.04495253454777771,0.0,1.2318339198852846,23.254969418960243,0.009679166666666668,0.00035999999999999997,0.000336,0.033955971770729815,0,0,0,1,0,0.0,0,0,0
22.513543605804443,0.016342690434148828,0.00223381894104008,0.04490873126038872,0.0,0.4149530291609381,7.684147509578543,0.0028585,0.00025039999999999996,0.0003176,0.105559137712132,0,0,0,1,0,0.0,0,0,0
22.59563136100769,0.010368284530560344,0.0021737754189008773,0.04716760552567408,0.00219693931348593,0.26745716879173204,4.929757343550446,0.0017266666666666665,0.000232,0.0003176,0.1702158067743319,0,0,0,0,0,0.0,0,0,0
22.67422914505005,0.0036660741833471197,0.0019169616257180295,0.046572745688217,0.0,0.12176347727705868,2.1986472945891786,0.0005825,0.0001952,0.0002992,0.4276607301106315,0,0,0,0,0,0.0,0,0,0
22.752033233642578,0.0032021705597041652,0.003485602446642858,0.05824820516965669,0.0013691334680306054,0.11633216457319455,2.0220180810731994,0.00048566666666666664,0.0003388,0.00035719999999999995,0.5184726442298387,0,0,0,0,0,0.0,0,0,0
22.844154596328735,1.0,0.3512152952016129,0.11671708504469663,0.998398914720148,11.567788176571701,332.26455707057715,0.22589366666666666,0.0323088,0.0006774,0.002761753543081643,1,0,1,1,1,4.975423973655331,0,1,0
22.932300090789795,0.4908304377041117,0.01154128509479799,0.06654731912731585,0.0,7.539263835039515,227.89708404802747,0.105184,0.0010072,0.00036639999999999996,0.0034635203583911717,1,0,0,1,0,4.975423973655331,0,0,0
23.00598406791687,0.09102816929332394,0.004385184816252845,0.0637742685985611,0.0,1.4953338207261824,43.882339449541284,0.0186665,0.0003662,0.000336,0.017790749022303032,0,0,0,1,0,0.0,0,0,0
23.087785005569458,0.013218907966569871,0.0042604114071931485,0.06330314374473954,0.0,0.2772625825075361,7.232120051085568,0.0025813333333333335,0.0003388,0.0003176,0.11405533263744577,0,0,0,1,0,0.0,0,0,0
23.19360041618347,0.010558890683081128,0.0037616541988851333,0.07134403870777674,0.003949436699796192,0.20184392067964899,5.312614678899083,0.0019355,0.0002808,0.000336,0.15969733552600307,0,0,0,0,0,0.0,0,0,0
23.270827293395996,0.0035745313847332766,0.0020538741135515824,0.06653206162832184,0.0,0.08597070776885599,2.1845357381429524,0.0006256666666666666,0.0001464,0.0002992,0.4193373572776709,0,0,0,0,0,0.0,0,0,0
23.353915691375732,0.004550117886212616,0.004140022449727312,0.07422030486000397,0.002762852193845977,0.11827373895327502,2.7266123882503193,0.0007578333333333333,0.0002808,0.0003176,0.3428645454741736,0,0,0,0,0,0.0,0,0,0
23.437357902526855,1.0,1.0,0.2638712652249534,0.9977249410568937,7.5769610692115945,238.71450065292677,0.21390516666666667,0.0662934,0.0010742,0.004234448480101574,1,0,1,1,1,6.784529599186877,0,1,0
23.5202693939209,0.3789807739881404,0.021474932690823265,0.09695259810177655,0.0,4.127202305897172,165.26590972806284,0.07714566666666667,0.0013548000000000002,0.00037559999999999997,0.004817945126734874,1,0,0,1,0,6.784529599186877,0,0,0
23.604519844055176,0.0695023268497833,0.004527525960522028,0.0862162088897672,0.0,0.8588172924157867,33.104885057471265,0.013453,0.0002716,0.0003176,0.02332556793645105,0,0,0,1,0,0.0,0,0,0
23.690032482147217,0.014725992961632125,0.004603596865317004,0.09073841596608812,0.0,0.2138917727737855,7.353288633461046,0.0027083333333333334,0.0002624,0.0003176,0.11082523391010222,0,0,0,1,0,0.0,0,0,0
23.77922558784485,0.009027989464438722,0.005588538613604749,0.09016337232069001,0.0016649929836226596,0.16303986544794952,4.950317301269204,0.0015741666666666666,0.000302,0.0002992,0.17044871916598622,0,0,0,0,0,0.0,0,0,0
23.864192008972168,0.0028540522888091894,0.004158656163138614,0.10652910742912175,0.0,0.06670512980403354,1.8041284403669728,0.00047300000000000006,0.0002136,0.000336,0.55891942244993,0,0,0,0,0,0.0,0,0,0
23.947449445724487,0.0032914319428523514,0.005745999799839899,0.11196570659350104,0.0018644057984477567,0.08153637736686659,2.0637614678899086,0.000519,0.0002808,0.000336,0.48874149066154643,0,0,0,0,0,0.0,0,0,0
24.031105518341064,1.0,1.0,0.5345896165671951,0.9983542840285738,3.7406748476639726,162.6149651496515,0.15812933333333334,0.10618259999999999,0.001526,0.0068788659061107225,1,0,1,1,1,6.348681890849542,0,0,0
24.10263228416443,0.7579354522393872,0.046672918450112705,0.13396534523013273,0.0,6.002359292091185,256.6107061177816,0.11483483333333333,0.0047484,0.00036639999999999996,0.003113425736440467,1,0,0,1,0,6.348681890849542,0,0,0
24.17726969718933,0.18569023351157968,0.0025077610071305013,0.10735264846364737,0.0,1.752381139143479,71.56031162464986,0.026906166666666665,0.000244,0.0002808,0.010379791443079338,0,0,0,1,0,0.0,0,0,0
24.252617835998535,0.04062951609931606,0.002395381513725701,0.13437489109777315,0.0,0.32069107668350366,13.648241590214067,0.005627833333333333,0.0002228,0.000336,0.05831801135581277,0,0,0,1,0,0.0,0,0,0
24.324483633041382,0.01673189161275345,0.0029449802054544866,0.14027399554627829,0.0,0.14088700504138552,5.923318042813455,0.0022201666666666667,0.0002624,0.000336,0.14131858086983828,0,0,0,1,0,0.0,0,0,0
24.397961378097534,0.015700948213006542,0.0027207215612434776,0.14657325472483465,0.007335002406629817,0.12627843984915635,5.334480122324159,0.001993833333333333,0.000232,0.000336,0.15752215155256208,0,0,0,0,0,0.0,0,0,0
24.480230569839478,0.004312336819147508,0.0030057031845938677,0.14553119641639384,0.0,0.05093716309609553,2.0721583652618136,0.0005213333333333334,0.000244,0.0003176,0.4756389776357828,0,0,0,0,0,0.0,0,0,0
24.569661617279053,0.008254826572705523,0.004044040442213513,0.1535238087964242,0.00609865816313177,0.08070928010481432,3.25,0.0009459999999999999,0.0003112,0.0003176,0.28038703298255535,0,0,0,0,0,0.0,0,0,0
24.647841691970825,1.0,0.7410141807855155,0.49628499200367426,0.9958725867136472,3.5075882809378487,250.31119960486512,0.21576683333333335,0.0544192,0.0009797999999999999,0.003944153025945237,1,0,1,1,1,5.305022372207207,0,1,0
24.721575021743774,0.5516342006190406,0.018499570339093906,0.17785943474112573,0.0,3.204290751921318,264.4304281345566,0.11389166666666667,0.0013000000000000002,0.000336,0.0029301047919422117,1,0,0,1,0,5.305022372207207,0,0,0
24.800384283065796,0.10432807282412446,0.006098050285504809,0.20841311205839266,0.0,0.5300679751913021,44.27523128679563,0.0205485,0.00040879999999999996,0.00037559999999999997,0.018063093867493066,0,0,0,1,0,0.0,0,0,0
24.884209156036377,0.01444395635556164,0.0025846478850266707,0.1960210887138036,0.0,0.08733688127534214,6.813379204892966,0.002705833333333333,0.0001648,0.000336,0.1197983394619058,0,0,0,1,0,0.0,0,0,0
24.96764039993286,0.00850453725894261,0.002716834915119641,0.2060462243242587,0.00128255908116179,0.05491913427555308,4.0836391437308865,0.0015156666666666667,0.0001648,0.000336,0.208107951870907,0,0,0,0,0,0.0,0,0,0
25.057887315750122,0.0028919769365576826,0.004885787932331997,0.20555940106211842,0.0,0.03830491009992896,2.081257982120051,0.0004883333333333333,0.0002808,0.0003176,0.4835468220295974,0,0,0,0,0,0.0,0,0,0
25.208946704864502,0.654818292382844,1.0,1.0,0.6533723039145651,1.6547528171011336,75.07182679566988,0.10102333333333334,0.09906319999999999,0.0025666,0.015995138681039012,1,1,0,1,0,0.0,0,0,0
25.28838324546814,0.9153940713888999,0.1294461316018374,0.15460289698085397,0.260575779006056,6.75449667319455,307.28003065774806,0.13467416666666668,0.0122286,0.0003784,0.0026645761917863916,1,0,0,1,0,0.0,0,0,0
25.363307237625122,0.31106479869102815,0.005842985206389271,0.13570631489819948,0.0,2.334263941518822,106.2918263090677,0.04375966666666667,0.0005277999999999999,0.0003176,0.007205678873566654,0,0,0,1,0,0.0,0,0,0
25.43846035003662,0.07712723244287034,0.004381563201987309,0.15964067883155542,0.0,0.5108829901174586,23.73519976669583,0.010373333333333333,0.0003784,0.00035719999999999995,0.03369692639756084,0,0,0,1,0,0.0,0,0,0
25.515478134155273,0.01682964015991922,0.0023667612846529546,0.15724182775357853,0.0,0.12263999802260658,5.635015290519877,0.0021616666666666663,0.0001952,0.000336,0.1474468869398335,0,0,0,0,0,0.0,0,0,0
25.60997700691223,0.016215120670651353,0.001878240293145919,0.15726958213895528,0.007800300590691743,0.11560913307714558,5.303480204342272,0.0019683333333333332,0.0001464,0.0003176,0.15446168610947197,0,0,0,0,0,0.0,0,0,0
25.69937562942505,0.0027186029129200326,0.0031398527336746434,0.17551520046264657,0.0,0.03392904276450741,1.478975535168196,0.0003128333333333333,0.000232,0.000336,0.7433080156330655,0,0,0,0,0,0.0,0,0,0
25.777646780014038,0.857791915348395,1.0,1.0,0.856432613891935,1.8577061447339216,22.71943378545681,0.09419483333333334,0.12714240000000002,0.0096466,0.056584845926064324,1,1,1,1,0,0.0,0,0,0
25.8617684841156,1.0,0.11865873599364292,0.06287704366990397,0.14220808465160495,17.764548330621068,269.71030338849494,0.16809333333333334,0.014346600000000001,0.0005767999999999999,0.0032642658642679616,1,0,0,1,0,0.0,0,1,0
25.93507742881775,0.39916082676099945,0.012339929331136435,0.04277856214243364,0.0,9.599220112019708,138.2404681805439,0.06421916666666667,0.001428,0.00037559999999999997,0.005771716030341973,0,0,0,1,0,0.0,0,0,0
26.010611295700073,0.0681657839812317,0.0028965990411995456,0.04003605590171903,0.0,1.7730287997576601,25.00703363914373,0.010482666666666666,0.0003204,0.000336,0.031475685033311766,0,0,0,1,0,0.0,0,0,0
26.100728273391724,0.016911878078249214,0.0020379562346793225,0.03762455122561765,0.0,0.5049717940711338,6.9587508350033405,0.0024643333333333336,0.0002136,0.0002992,0.11541013284508606,0,0,0,1,0,0.0,0,0,0
26.202017068862915,0.013758232305604778,0.0021651759960368312,0.04488976864666046,0.005302293266480171,0.3561567170412868,5.047247706422019,0.001887,0.0002136,0.000336,0.16673614005835763,0,0,0,0,0,0.0,0,0,0
26.287137746810913,0.004351128813534755,0.002798699627101742,0.04723325453758529,0.0,0.15316564456559228,2.132033639143731,0.0005671666666666667,0.0002624,0.000336,0.4636998463534239,0,0,0,0,0,0.0,0,0,0
26.361990690231323,0.0055089879757698225,0.0025877067640269437,0.04668998176396039,0.003333423569002445,0.17518054999778188,2.4393358876117497,0.0006866666666666666,0.000232,0.0003176,0.3845657087504037,0,0,0,0,0,0.0,0,0,0
26.44366693496704,1.0,0.9227603882990806,0.19122761465827787,0.997245506012115,10.050093352877576,212.48048003186932,0.20558166666666666,0.0787872,0.0012388,0.004899270192773706,1,0,1,1,1,6.565594245048767,0,1,0
26.522284030914307,0.42622170086405176,0.009327054130139668,0.05138564783347043,0.0,8.461557216941134,202.25127713920818,0.08360033333333333,0.0007597999999999999,0.0003176,0.003778423835731517,1,0,0,1,0,6.565594245048767,0,0,0
26.615895986557007,0.08132611644134162,0.004992977906038081,0.05749178280358728,0.0,1.500545566406686,35.706269113149844,0.015083333333333332,0.0003846,0.000336,0.021940574129102865,0,0,0,1,0,0.0,0,0,0
26.698545217514038,0.015385842939614416,0.002913469237103838,0.05709601746672183,0.0,0.3216886942770703,7.254789272030651,0.002716,0.0002136,0.0003176,0.11166741674167417,0,0,0,1,0,0.0,0,0,0
26.785431623458862,0.009377020539744008,0.003068805681680681,0.06362437849133608,0.0016840990699368,0.196876399871525,4.32362385321101,0.0015715,0.0002136,0.000336,0.19768659614275796,0,0,0,0,0,0.0,0,0,0
26.86669898033142,0.003695749540355649,0.004235115731396224,0.06313421826253951,0.0,0.1270018906284072,2.324712643678161,0.0005899999999999999,0.0002808,0.0003176,0.4187322012445945,0,0,0,0,0,0.0,0,0,0
26.955387592315674,0.010531783339337138,0.09333496340079987,0.23090594443228857,0.008683908569159314,0.4500609150800935,6.294357523302265,0.0015945000000000002,0.0058688,0.0011015999999999999,0.21533373209950385,0,0,0,0,0,0.0,0,0,0
27.041109800338745,1.0,0.4695295440579792,0.14747021419054387,0.9947341083303314,9.958849433940522,331.7737289606108,0.22678633333333334,0.0280486,0.0006684,0.0027436678630510746,1,0,1,1,1,5.2866961798824565,0,1,0
27.112732410430908,0.480077346190088,0.020470431638285654,0.07313819961017055,0.0,6.835883193377256,252.83309386973178,0.1043115,0.0011716,0.0003176,0.0030243454091941242,1,0,0,1,0,5.2866961798824565,0,0,0
27.196885585784912,0.08842333154876762,0.00426270154384606,0.08136775866096944,0.0,1.1389294933072307,42.665137614678905,0.01827,0.000232,0.000336,0.018251743693370705,0,0,0,1,0,0.0,0,0,0
27.275395393371582,0.016666173692785762,0.004467545677524448,0.09532849456652039,0.0,0.22250921453558936,7.606532099803756,0.0032856666666666663,0.000232,0.00037559999999999997,0.10966850291008896,0,0,0,1,0,0.0,0,0,0
27.349290132522583,0.008547774684664987,0.004299006446502881,0.08424875198032852,0.0002146878382721061,0.1534910811032185,4.61190932311622,0.0016123333333333335,0.0002136,0.0003176,0.18247699885856117,0,0,0,0,0,0.0,0,0,0
27.425589561462402,0.008297484049522444,0.004887255132970881,0.08818072287260768,0.004023596707189951,0.15048289989269445,4.375798212005109,0.0014953333333333335,0.000232,0.0003176,0.19430622399869485,0,0,0,0,0,0.0,0,0,0
