ts_rel,replay_lowNorm,replay_bodyNorm,replay_highNorm,replay_lowRise,replay_ratio,replay_rawRatio,replay_signalActive,replay_highDominant,replay_lowQualified,replay_rawBassSupport,replay_candidate,replay_pendingScore,replay_accepted,logged_candidate,logged_accepted
0.000362396240234375,1.0,1.0,1.0,1.0,1.9999000099990003,1.619047619047619,0,0,1,1,0,0.0,0,0,0
0.09924697875976562,0.7230533323620669,0.9956799986625183,1.0,0.22305333236206693,1.7186614648780976,1.279816513761468,0,1,1,1,0,0.0,0,0,0
0.17136096954345703,1.0,1.0,0.9943383357660276,0.6384733338189665,2.011286097955284,1.8,0,0,1,1,0,0.0,0,0,0
0.23807120323181152,0.26159365603487056,0.9294418676975081,0.986289728386975,0.0,1.2075708915584722,1.1135802469135803,0,1,1,0,0,0.0,0,0,0
0.31330275535583496,0.6364819199123448,1.0,1.0,0.5056850918949095,1.6364182780845364,1.3509174311926608,0,1,1,1,0,0.0,0,0,0
0.38199806213378906,0.6631655174567531,0.8108059820474615,0.9457937214095299,0.3449245575005807,1.5583901934644593,1.3037037037037038,0,1,1,1,0,0.0,0,0,0
0.44698476791381836,0.6894375122910371,0.7208206737814774,0.9349051641632975,0.35785475356266055,1.5083961459556143,1.2743589743589745,0,1,1,1,0,0.0,0,0,0
0.5171711444854736,0.9239252416519745,1.0,0.9245390444605107,0.579206485506456,2.0808392779633973,1.7333333333333336,0,0,1,1,0,0.0,0,0,0
0.5868692398071289,0.8546537267566997,1.0,1.0,0.39269110593071244,1.8545682699297066,1.6024691358024694,0,0,1,1,0,0.0,0,0,0
0.6492831707000732,0.7198972918377926,0.6228109442533374,0.9359180856266,0.29257042845944276,1.4345964642255944,1.2826666666666666,0,0,1,1,0,0.0,0,0,0
0.72831130027771,0.81571373290808,1.0,1.0,0.4557650869891837,1.815632169691111,1.438095238095238,0,0,1,1,0,0.0,0,0,0
0.8032143115997314,0.8530714161863605,0.991704564917104,0.9477540216991869,0.4452145497323205,1.9463714230976366,1.5102564102564107,0,0,1,1,0,0.0,0,0,0
0.8932220935821533,1.0,0.8143906338744691,0.8415052753060374,0.5734642919068198,2.15598771432921,1.9767441860465116,0,0,1,1,0,0.0,0,0,0
0.9672062397003174,0.7853453075297447,1.0,1.0,0.28534530752974474,1.7852667808516596,1.5940366972477067,0,0,1,1,0,0.0,0,0,0
1.0337767601013184,0.8618072595352284,0.9430445519470253,0.9910484618162502,0.46913460577035604,1.821071091786525,1.619047619047619,0,0,1,1,0,0.0,0,0,0
1.096881628036499,0.6604049225145499,0.9286483353557929,0.8844269860531362,0.22950129274693565,1.7966136510558395,1.5706666666666669,0,1,1,1,0,0.0,0,0,0
1.1722025871276855,0.7876667012340163,0.9149018084976529,1.0,0.45746423997674135,1.7024982599056786,1.4357142857142857,0,0,1,1,0,0.0,0,0,0
1.246657133102417,0.772892904046117,1.0,0.9965085725288509,0.37905955342910885,1.7790263428571806,1.4913580246913583,0,1,1,1,0,0.0,0,0,0
1.3209378719329834,0.6456854182536794,0.9275625028467894,0.8334068723011939,0.2592389662306209,1.8876244136496187,1.5319767441860466,0,0,1,1,0,0.0,0,0,0
1.3952598571777344,0.9000289430287113,0.8504795809025848,1.0,0.5771862339018716,1.7504334805832378,1.4307692307692308,0,0,1,1,0,0.0,0,0,0
1.4667704105377197,0.8238482630758538,0.7590458589280008,1.0,0.37383379156149815,1.5828358384200125,1.2743589743589745,0,0,1,1,0,0.0,0,0,0
1.5466084480285645,0.9246936445849175,0.9310213327580598,1.0,0.5127695130469907,1.855629414401537,1.3923076923076925,0,0,1,1,0,0.0,0,0,0
1.6198503971099854,0.9028019873398588,1.0,1.0,0.44045516504740007,1.902711716168242,1.5476190476190474,0,0,1,1,0,0.0,0,0,0
1.7021629810333252,1.0,0.42830456935273525,0.8502002017188055,0.5485990063300705,1.6798826655166537,1.298050139275766,0,0,1,1,0,0.0,0,0,0
1.7906467914581299,0.42357082961653064,0.8042585108839092,1.0,0.0,1.2278065598444554,1.0,0,1,1,0,0,0.0,0,0,0
1.8649754524230957,0.44281725679412315,0.9476261278520837,0.9489843613280976,0.23103184198585783,1.4651420266796464,1.1530864197530866,0,1,1,0,0,0.0,0,0,0
1.928537130355835,0.6849521924176324,0.8196770927305491,1.0,0.46354356402057084,1.504578827265455,1.1095238095238096,0,1,1,0,0,0.0,0,0,0
1.9957654476165771,1.0,0.7973997013157755,1.0,0.6575239037911838,1.7973199693188437,1.3142201834862388,0,0,1,1,0,0.0,0,0,0
2.0619537830352783,1.0,0.8877337658779091,0.8979324815852199,0.5,2.1021887343601176,1.5076923076923079,0,0,1,1,0,0.0,0,0,0
2.133000612258911,0.8621055022715162,0.9262519743267753,0.9368932058790661,0.36210550227151617,1.9087197915382967,1.3923076923076925,0,0,1,1,0,0.0,0,0,0
2.201014995574951,0.7678153759505136,1.0,1.0,0.33676262481475555,1.7677386020903045,1.279816513761468,0,1,1,1,0,0.0,0,0,0
2.2751827239990234,0.9385905947909889,1.0,1.0,0.5546829068157322,1.9384967451164774,1.3853211009174313,0,0,1,1,0,0.0,0,0,0
2.3377275466918945,0.6966150052702141,0.32932810790285855,0.8002016752259222,0.22731970787471967,1.2820704303579329,0.9610027855153203,0,0,1,0,0,0.0,0,0,0
2.418666362762451,1.0,0.8040248681852535,0.940399580195536,0.651692497364893,1.9182622790859345,1.3923076923076925,0,0,1,1,0,0.0,0,0,0
2.4901530742645264,1.0,0.8391316444015446,0.9814609937440186,0.5,1.873782328478711,1.3923076923076925,0,0,1,1,0,0.0,0,0,0
2.5755183696746826,1.0,0.6313523076769211,0.9794262865163879,0.5,1.6655523492677868,1.5706666666666667,0,0,1,1,0,0.0,0,0,0
2.6572892665863037,0.5719296187232364,0.927309887487969,1.0,0.07192961872323644,1.4991895872524803,1.2743589743589745,0,1,1,1,0,0.0,0,0,0
2.7280797958374023,0.49884174734327535,1.0,0.9317118708039752,0.21287693798165713,1.6086313067142788,1.5125348189415044,0,1,1,1,0,0.0,0,0,0
2.7940845489501953,0.7258091366793988,0.7676320023152268,1.0,0.47638826300776116,1.4933917998146442,1.353846153846154,0,1,1,1,0,0.0,0,0,0
2.868272066116333,0.8119064420831051,0.40122217123288423,0.879536112899972,0.4490018737434057,1.3792392053075608,1.2674418604651163,0,0,1,1,0,0.0,0,0,0
2.930219888687134,0.5040516470551074,0.9494562080609674,1.0,0.09809842601355484,1.4534625088651885,1.2333333333333334,0,1,1,1,0,0.0,0,0,0
3.0033135414123535,0.82251927453509,0.7438991137232803,1.0,0.5704934510075363,1.566361752083162,1.1833333333333333,0,0,1,1,0,0.0,0,0,0
3.075528860092163,0.7344008845791684,1.0,0.9462323913459014,0.3231412473116234,1.8328664435889286,1.3512820512820514,0,0,1,1,0,0.0,0,0,0
3.1401474475860596,0.9552014656722155,0.9754905179133586,0.9835019083934492,0.5880010233826314,1.9629811279435225,1.4307692307692308,0,0,1,1,0,0.0,0,0,0
3.215381383895874,1.0,1.0,1.0,0.5223992671638922,1.9999000099990003,1.6419753086419755,0,0,1,1,0,0.0,0,0,0
3.3069043159484863,1.0,1.0,1.0,0.5,1.9999000099990003,31.07802365509347,1,0,1,1,0,0.0,0,0,0
3.3716228008270264,1.0,0.8208010610807557,0.709542440656985,0.0,2.5659416020763506,40.545983379501386,1,0,1,1,0,0.0,0,0,0
3.522193431854248,1.0,1.0,0.9820825283678524,0.0,2.0363831998963353,35.6112334801762,1,0,1,1,0,0.0,0,0,0
3.6640684604644775,1.0,1.0,1.0,0.0,1.9999000099990003,34.34901960784313,1,0,1,1,0,0.0,0,0,0
3.73559308052063,1.0,0.9925537598402843,0.7449882787918097,0.0,2.674386131897621,51.546314883854315,1,0,1,1,0,0.0,0,0,0
3.809565544128418,1.0,0.8985272808395444,0.6876329321362191,0.0,2.7607043259395403,59.6208346813329,1,0,1,1,0,0.0,0,0,0
3.8830556869506836,1.0,1.0,0.9640292195535012,0.0,2.0745144524571804,52.55652808169219,1,0,1,1,0,0.0,0,0,0
3.964540719985962,1.0,0.8339349946688533,0.7851573729788958,0.0,2.33558455836128,64.49984438219732,1,0,1,1,0,0.0,0,0,0
4.06132960319519,0.7060178449477171,0.9086131252159249,1.0,0.0,1.6145695132123206,40.36789536266349,1,1,1,1,0,0.0,0,0,0
4.138437032699585,0.6437725990121793,1.0,0.9497293082989794,0.0,1.730703174401031,48.30525765105937,1,1,1,1,0,0.0,0,0,0
4.223881006240845,0.5497100080849858,1.0,0.8765454369307257,0.0,1.767886927594257,50.54918276374442,1,1,1,1,0,0.0,0,0,0
4.299808979034424,0.35868569767058994,0.6433805296142915,1.0,0.0,1.0020660206828131,24.382045929018783,1,1,1,1,0,0.0,0,0,0
4.392186641693115,0.4573616205487761,0.7507499774853518,0.5972778420910712,0.09867592287818616,2.02252496310356,48.24677419354838,1,0,1,1,0,0.0,0,0,0
4.469042539596558,0.4363296093817739,0.8095293476281885,0.9059857404282508,0.0,1.3751005025430316,33.311161217587376,1,1,1,1,0,0.0,0,0,0
4.5333263874053955,0.5026490376679316,1.0,1.0,0.06631942828615767,1.5025987777901526,23.659171001845948,1,1,1,1,0,0.0,0,0,0
4.599832773208618,0.460255939627212,0.7177830827042035,0.5148636799912784,0.0,2.287809933219696,35.15538512837613,1,0,1,1,0,0.0,0,0,0
4.6661536693573,0.5257753528669575,0.7806835545507483,0.6992211365260725,0.06551941323974553,1.868324635385869,28.88542739443873,1,0,1,1,0,0.0,0,0,0
4.7606401443481445,0.591607046123715,1.0,0.6057271608683188,0.06583169325675742,2.6273286325465435,44.4812382739212,1,0,1,1,1,0.1888059840547959,0,0,0
4.834674596786499,1.0,1.0,1.0,0.40839295387628505,1.9999000099990003,23.953798613204704,1,0,1,1,0,0.1888059840547959,0,0,0
4.903301000595093,0.61902492757635,1.0,1.0,0.0,1.6189630312732226,8.4444608168177,1,1,1,1,0,0.1888059840547959,0,0,0
4.971118688583374,0.9296394360575717,0.9079185647741913,0.6869360806225449,0.31061450848122174,2.674761999641422,13.346508514910388,1,0,1,1,1,0.0,1,0,0
5.055992841720581,1.0,0.41222812735490927,1.0,0.07036056394242829,1.4121869086640428,4.336159051717892,1,0,1,1,0,0.0,0,0,0
5.125058174133301,0.17431203345913804,0.9068196423287168,0.4931512655361443,0.0,2.192050484883398,6.899535281888222,1,1,1,1,0,0.0,0,0,0
5.195479154586792,0.8350215464710297,0.584792764359219,0.3126550624801554,0.6607095130118916,4.54002023043302,13.974700065257771,1,0,1,1,1,2.9795830023985577,0,0,1
5.264578342437744,0.7544336623318947,0.9830235527748825,0.6113080232876816,0.0,2.8418946904941356,8.831572171860751,1,0,1,1,0,2.9795830023985577,0,0,0
5.350979804992676,1.0,0.7077301273949581,0.30956656685522715,0.24556633766810532,5.515061392447281,17.23461046543958,1,0,1,1,1,2.9795830023985577,0,0,0
5.42029881477356,0.651955123433487,1.0,0.4567433693168976,0.0,3.616239688240959,11.872826001416543,1,0,1,1,0,0.0,1,0,0
5.486742973327637,0.6049388131268326,1.0,0.9992225093223854,0.0,1.6061269491619554,5.369052753971082,1,1,1,1,0,0.0,0,0,0
5.557585954666138,1.0,1.0,0.36191893232456906,0.3950611868731674,5.524849176138681,22.2258047152546,1,0,1,1,1,2.3703671212390045,0,1,0
5.635143995285034,0.9646335481864099,0.6326888532730235,0.26703663105384073,0.0,5.9797954146448635,24.319762122598352,1,0,1,1,0,2.3703671212390045,0,0,0
5.698801279067993,0.5612585021926327,0.8824889583360804,0.9362294746296123,0.0,1.5420292745775859,6.135225982284806,1,1,1,1,0,2.3703671212390045,0,0,0
5.775557279586792,0.9299508015583786,0.9144033696012778,0.3156114711848145,0.3686922993657459,5.842214615255239,23.478483678483677,1,0,1,1,1,0.0,1,0,1
5.851557016372681,0.9060204275599673,0.9627390831298352,0.940247646556803,0.0,1.987413397090808,8.002303804994055,1,0,1,1,0,0.0,0,0,0
5.919163942337036,1.0,1.0,0.6147255401038566,0.09397957244003274,3.2531179489748303,13.26642767097384,1,0,1,1,1,0.45858995091247623,0,0,0
5.995672941207886,1.0,1.0,0.6209721075834518,0.0,3.2203990093553707,14.716641495571247,1,0,1,1,0,0.45858995091247623,0,0,0
6.064072132110596,0.6114875055199628,0.9093289800438763,1.0,0.0,1.5207644091229269,3.6181875401940253,1,1,1,1,0,0.45858995091247623,0,0,0
6.132643938064575,0.5754234733221797,1.0,0.6255819260241814,0.0,2.518090115425979,8.695580902943787,1,0,1,1,0,0.0,1,0,0
6.206791162490845,0.32491192650125483,0.7709335683794626,0.6261662466517027,0.0,1.7499673672980596,6.2597831772145875,1,1,1,1,0,0.0,0,0,0
6.303045034408569,1.0,0.5103245219085101,0.28531580934598094,0.6750880734987452,5.292014220829562,15.51066056966558,1,0,1,1,1,3.389380290703749,0,0,0
6.37064790725708,0.7640166173280111,0.770292825349757,0.6403803973088478,0.0,2.3957164795753405,7.736785439630863,1,0,1,1,0,3.389380290703749,0,0,0
6.433384656906128,1.0,0.8456849478632532,0.38144999474410046,0.23598338267198893,4.83759657525665,16.68203710310382,1,0,1,1,1,3.389380290703749,0,0,0
6.500668287277222,1.0,0.48964950860545375,0.35014529629665375,0.0,4.253446154330801,16.82490901738779,1,0,1,1,0,0.0,1,0,0
6.567077159881592,0.32328761029277675,1.0,0.548469879572702,0.0,2.4124321432368916,10.443783002051592,1,1,1,1,0,0.0,0,0,0
6.631972312927246,0.46344952606390194,0.9701519309376756,0.5164269235386131,0.1401619157711252,2.775656779281905,11.885040831477358,1,0,1,1,1,0.36901565832520294,0,0,0
6.706714630126953,1.0,0.5628758883631002,0.24959106095740743,0.536550473936098,6.259638940897905,25.908356657337066,1,0,1,1,1,2.7502245450812395,0,0,0
6.779657602310181,0.5042549289091269,1.0,0.39991170751250427,0.0,3.760777248906149,17.01181514010874,1,0,1,1,0,2.7502245450812395,0,0,0
6.845947504043579,1.0,0.4583402836650687,0.7063584824682663,0.49574507109087307,2.0644387743345995,9.862944789062741,1,0,1,1,0,0.0,1,0,0
6.929162263870239,0.4042631224460095,1.0,0.3110614728322693,0.0,4.513293723876373,22.952035203520353,1,0,1,1,0,0.0,0,0,0
7.002835750579834,0.48478057138555647,0.7110641948400377,0.21144449549866207,0.08051744893954699,5.653395818248356,28.325022461814918,1,0,1,1,1,0.27063932961522946,0,0,0
7.067584753036499,1.0,0.404798703197826,0.18855892405788496,0.5152194286144436,7.4467651621227855,41.339213380373714,1,0,1,1,1,2.477998027588678,0,0,0
7.138075351715088,0.7504109552092718,0.7127738739091822,0.4636821257751169,0.0,3.1551126009284487,17.325626849835263,1,0,1,1,0,2.477998027588678,0,0,0
7.203793048858643,0.93082967953694,0.5496148246349977,0.14299678878393032,0.18041872432766815,10.346455128406081,56.697211895910776,1,0,1,1,1,0.0,1,0,0
7.270262002944946,0.4433832492382235,0.4416560325443459,0.163391098939382,0.0,5.413990654688514,29.375551034248893,1,0,1,1,0,0.0,0,0,0
7.365490198135376,0.6594361477614988,0.5472376799810694,0.18024187483522816,0.21605289852327536,6.6915896756932005,36.478834255942694,1,0,1,1,1,0.8063569383417042,0,0,0
7.4321441650390625,0.8636784774134331,0.2493947602013675,0.18853158255510283,0.20424232965193423,5.90130890350571,32.84999190021059,1,0,1,1,1,0.8074727508416457,0,0,0
7.507950067520142,0.49423509142884414,0.5170105867117565,0.24239190800674734,0.0,4.170636811981619,22.685532927796874,1,0,1,1,0,0.8074727508416457,0,0,0
7.569766283035278,0.7990495085171353,1.0,0.7982355128710463,0.30481441708829116,2.2536257995674913,16.125304852409382,1,0,1,1,1,0.0,1,0,0
7.6367247104644775,0.7995676793567393,0.5341653193325764,0.33402589758261103,0.0005181708396040374,3.9920072294292357,26.82943560960399,1,0,1,1,0,0.0,0,0,0
7.703239679336548,0.47526309076843337,1.0,0.9085312918054413,0.0,1.6237203187630724,12.616760715572097,1,1,1,1,0,0.0,0,0,0
7.765592575073242,0.7863988889258435,0.8833438501498568,0.9083657470399477,0.31113579815741016,1.8380910282160292,13.463359920239283,1,0,1,1,0,0.0,0,0,0
7.832139253616333,1.0,0.625038400856053,0.8964963826578014,0.21360111107415647,1.8125640837838513,13.64678577684358,1,0,1,1,0,0.0,0,0,0
7.91496729850769,0.8067483858787519,0.7153391460718289,1.0,0.0,1.522035328417739,7.48659266485617,1,0,1,1,0,0.0,0,0,0
7.980275869369507,0.41706440089834584,1.0,0.9454198183368883,0.0,1.4988204090645627,7.957208709013422,1,1,1,1,0,0.0,0,0,0
8.059771299362183,0.3628182784953603,0.968387892950561,0.9641659543840071,0.0,1.3806420991980237,7.371061495811845,1,1,1,1,0,0.0,0,0,0
8.125015258789062,0.42706239070734603,1.0,0.6842002473598151,0.06424411221198573,2.0855792412959966,11.957386487547433,1,1,1,1,0,0.0,0,0,0
8.195715188980103,1.0,0.7736982399844826,0.9146005234578628,0.5729376092926539,1.93921200928032,10.308337024292188,1,0,1,1,0,0.0,0,0,0
8.275476694107056,1.0,1.0,0.8806938166078893,0.0,2.2707925081749325,14.14335002782415,1,0,1,1,0,0.0,0,0,0
8.347135543823242,0.936339830007354,0.9265091535415798,0.8226461847988846,0.0,2.2643058308490613,14.079932043260266,1,0,1,1,0,0.0,0,0,0
8.419058561325073,0.8527989943159157,0.7174383806592143,1.0,0.0,1.570180356939436,5.934741390713875,1,0,1,1,0,0.0,0,0,0
8.491364240646362,1.0,0.8048852886365956,0.4305623780664572,0.14720100568408434,4.191184047096079,16.459652489073658,1,0,1,1,1,0.8257638706316001,0,1,0
8.579035758972168,1.0,0.6619028908581591,0.7946500097685123,0.0,2.0912272669770116,8.878873840897999,1,0,1,1,0,0.8257638706316001,0,0,1
8.640580892562866,1.0,1.0,0.6866574460206316,0.0,2.9123819648253413,13.602627918893198,1,0,1,1,0,0.8257638706316001,0,0,0
8.715049982070923,0.47937500681067424,1.0,1.0,0.0,1.479327074103264,8.372935511453129,1,1,1,1,0,0.0,1,0,0
8.87053918838501,0.9687236948917892,0.8827284555103329,0.5449208044742484,0.489348688081115,3.3972137122145503,17.03490369834524,1,0,1,1,1,2.3441612877657776,0,0,0
8.992903470993042,0.85755342477602,0.8179986569783131,0.5663876336863689,0.0,2.9579676273781534,14.937906508820364,1,0,1,1,0,0.0,1,0,0
9.059408187866211,1.0,0.39765569072753004,0.3166658229852496,0.14244657522397997,4.412583647929144,22.364125249371153,1,0,1,1,1,0.6830756834208456,0,0,0
9.138794898986816,0.60366234738804,0.9820650730059522,0.5909567009315657,0.0,2.6830377151541747,15.64217221135029,1,0,1,1,0,0.6830756834208456,0,0,0
9.202069520950317,0.4715634169303702,0.7682047936369606,0.4765382888082508,0.0,2.601276984413906,15.147926760208895,1,0,1,1,0,0.6830756834208456,0,0,0
9.275236129760742,1.0,0.9528388051534517,0.3607512098658004,0.5284365830696298,5.412033413660286,33.59814622314623,1,0,1,1,1,0.0,1,0,0
9.341794967651367,0.6832617058428891,0.7899005664913877,0.41944958590527365,0.0,3.5115331341714433,21.967098626522855,1,0,1,1,0,0.0,0,0,0
9.410977840423584,0.9198278594429906,0.6004396133669903,0.2952474759088093,0.23656615360010147,5.147724618711168,31.459935897435898,1,0,1,1,1,1.154487934337294,0,0,0
9.48598337173462,1.0,0.7220396970307773,0.48939109373102213,0.08017214055700939,3.5182247830174043,21.781533328497858,1,0,1,1,1,1.154487934337294,0,0,0
9.564551830291748,0.628562492399389,0.5763962203688219,0.43801330268282174,0.0,2.7505640787187646,17.14158466236851,1,0,1,1,0,1.154487934337294,0,0,0
9.644765377044678,0.8603185026282543,0.8151402680777844,0.4733299022117198,0.23175601022886527,3.5391908345424326,22.08254386687536,1,0,1,1,1,0.0,1,0,0
9.71673846244812,0.5890526551811744,1.0,0.4684878084057677,0.0,3.3913657732321276,22.08841410456835,1,0,1,1,0,0.0,0,0,0
9.786837339401245,1.0,0.7435335375901869,0.3709620696046981,0.41094734481882556,4.699034691009309,30.13744724535189,1,0,1,1,1,2.2548956453881734,0,0,0
9.863760709762573,0.7131045751828817,0.5282133250442658,0.5983381332692185,0.0,2.074429805208741,13.356999479592595,1,0,1,1,0,2.2548956453881734,0,0,0
9.931864976882935,0.3495717081981301,0.49891892293316215,0.6495756178691968,0.0,1.306175894232411,8.59125285388128,1,1,1,1,0,2.2548956453881734,0,0,0
9.997819900512695,0.6642643454118693,0.5014344075603132,0.5090087403343331,0.3146926372137392,2.289881631587388,14.724747236133423,1,0,1,1,1,0.0,1,0,0
10.062218427658081,0.5982147171758245,0.44128375154066196,0.5004768785082704,0.0,2.076800813921953,13.338989818327013,1,0,1,1,0,0.0,0,0,0
10.125817060470581,0.43288747358027324,0.41669253598589023,0.5326619601730423,0.0,1.5948586293401754,10.33492496589359,1,0,1,1,0,0.0,0,0,0
10.199013471603394,0.417472777020461,0.4132501203957959,0.5656884781702547,0.0,1.4684337512547385,9.526174496644295,1,0,1,1,0,0.0,0,0,0
10.280640125274658,0.19547313637966296,0.36966022422762246,0.4922028240717026,0.0,1.148141617251744,7.586258660508085,1,1,1,1,0,0.0,0,0,0
10.347244024276733,0.49222413670107984,0.4040868295263847,0.5633567704680631,0.2967510003214169,1.5909134705805676,10.249921177088808,1,0,1,1,0,0.0,0,0,0
10.433465719223022,0.31066921104298345,0.48799514042168385,0.5777849910928782,0.0,1.382220275273232,9.087692805522599,1,1,1,1,0,0.0,0,0,0
10.49840259552002,0.30143736211138933,0.40843638127925463,0.6425735935547038,0.0,1.1047190214611045,7.236908485521138,1,1,1,1,0,0.0,0,0,0
10.570744037628174,0.1601036785060675,0.4934660349825403,0.8400334654485324,0.0,0.7780546072398451,5.224097553096987,1,1,1,1,0,0.0,0,0,0
10.636487483978271,0.2985037090571338,0.2863120838161148,0.6078181365221504,0.1384000305510663,0.9621621033047371,6.227993059572007,1,1,1,1,0,0.0,0,0,0
10.705554485321045,0.22431041475386324,0.34500705943639404,0.6515285070343919,0.0,0.8738375746968423,5.742940713241086,1,1,1,1,0,0.0,0,0,0
10.77983808517456,0.20130593120641455,0.3981991750826959,0.6338419228600845,0.0,0.9458360216720477,6.256431936224182,1,1,1,1,0,0.0,0,0,0
10.842195987701416,0.16407640654787334,0.3877614107798299,0.7106859737108768,0.0,0.7765175984637711,5.166871852266369,1,1,1,1,0,0.0,0,0,0
10.903866052627563,0.29079642695708074,0.4485985439575391,0.6749482618023233,0.1267200204092074,1.0954697801016913,7.191523146451692,1,1,1,1,0,0.0,0,0,0
11.009073972702026,0.22401219701712693,0.3448954739426176,0.8110204677779963,0.0,0.7015082143328207,4.614092140921411,1,1,1,1,0,0.0,0,0,0
11.07304573059082,0.2180198369325513,0.21528594715236513,0.786216298346486,0.0,0.5511850447412938,3.5755746459252378,1,1,1,1,0,0.0,0,0,0
11.137939929962158,0.22976241100398342,0.37588041928969035,0.7206489662154236,0.011742574071432116,0.8404352398510749,5.525305639542527,1,1,1,1,0,0.0,0,0,0
11.213873386383057,0.21565846336750866,0.22142970563657297,0.8844077597109617,0.0,0.49427284747275185,3.21237646001797,1,1,1,1,0,0.0,0,0,0
11.295623064041138,0.17864748879453293,0.1980892433362648,1.0,0.0,0.37679905222557514,2.0241491921622554,1,1,1,1,0,0.0,0,0,0
11.361553430557251,0.13143826673861753,0.2567744267747261,0.859952608740133,0.0,0.45149876829299085,2.4629033931721493,1,1,1,1,0,0.0,0,0,0
11.426790952682495,0.2190861694224644,0.3904862826299663,0.912718359037146,0.08764790268384687,0.6679011722502185,3.629791560752415,1,1,1,1,0,0.0,0,0,0
11.494927644729614,0.1997795740051644,0.24815544846485088,0.8880687903463327,0.0,0.5044480591299638,2.7128562105721126,1,1,1,1,0,0.0,0,0,0
11.556234359741211,0.24683408799960635,0.3176409204332572,0.8038149876234656,0.04705451399444194,0.7022819789712602,3.7724953329184827,1,1,1,1,0,0.0,0,0,0
11.623234510421753,0.1882096336085462,0.3874273168764135,0.8349784183131006,0.0,0.6894405816976764,3.7553310886644216,1,1,1,1,0,0.0,0,0,0
11.685577154159546,0.22024637290499932,0.38228782637029496,1.0,0.03203673929645312,0.6025739418811061,2.9984125409266795,1,1,1,1,0,0.0,0,0,0
11.758594274520874,0.1874513749302349,0.3831827695745201,1.0,0.0,0.5706770767970752,1.8403288330437109,1,1,1,1,0,0.0,0,0,0
11.838229894638062,0.1842317137386269,0.3417755259213347,0.5933238747780714,0.0,0.8865623073502311,2.8382698636577337,1,1,1,1,0,0.0,0,0,0
11.907539129257202,0.19468182517229382,0.45252202458118873,0.7777386655553479,0.01045011143366692,0.8321826600010064,2.6854037848978827,1,1,1,1,0,0.0,0,0,0
11.970746278762817,0.19431676047387827,0.4530070810400391,0.8147172245930836,0.0,0.7945632737909268,2.5647408508266767,1,1,1,1,0,0.0,0,0,0
12.033010244369507,0.1494319123937335,0.3663761678293515,0.7597537555943396,0.0,0.6789570709163028,2.194464525456987,1,1,1,1,0,0.0,0,0,0
12.101411819458008,0.16417048182797633,0.28661954190842726,1.0,0.014738569434242843,0.4508449392424793,1.1296568470828807,1,1,1,0,0,0.0,0,0,0
12.171319484710693,0.19646134463664866,0.4131718395596308,0.9014556669966314,0.03229086280867233,0.6763122971956846,1.6996972605774203,1,1,1,1,0,0.0,0,0,0
12.235984563827515,0.19635105544822887,0.4087805956990014,0.5732192195706525,0.0,1.0556625881136104,2.64067755886593,1,1,1,1,0,0.0,0,0,0
12.308447360992432,0.16412991897508866,0.3612412078661569,0.7930104716888158,0.0,0.6625446839988502,1.6661209640745793,1,1,1,1,0,0.0,0,0,0
12.369690179824829,0.21720614014380465,0.33737369746303725,1.0,0.05307622116871599,0.554624375169325,1.2514917276918904,1,1,1,1,0,0.0,0,0,0
12.44342565536499,0.16383455331119448,0.23873279257523256,0.7816605121170099,0.0,0.5150776224242929,1.160094066570188,1,1,1,0,0,0.0,0,0,0
12.514915704727173,0.11110150329935786,0.29035378307428356,1.0,0.0,0.4015151348601554,0.9169180955184341,1,1,1,0,0,0.0,0,0,0
12.605905055999756,0.13167033659516747,0.5231217936673592,0.7011437224081307,0.020568833295809608,0.9339008811566559,2.138898089875235,1,1,1,1,0,0.0,0,0,0
12.672302484512329,0.19385756661053005,0.5663831999349098,1.0,0.06218723001536258,0.7602647400714326,1.560078505488115,1,1,1,1,0,0.0,0,0,0
12.737407684326172,0.32283333816513976,0.9572158460163258,1.0,0.1289757715546097,1.2800211820632592,2.5201132733081617,1,1,1,1,0,0.0,0,0,0
12.806069612503052,0.3247227542786964,0.976211904203742,0.9872623290756595,0.0018894161135566412,1.3176871551302043,2.5942550746840296,1,1,1,1,0,0.0,0,0,0
12.87061357498169,0.5490020503854183,0.8866003705775889,1.0,0.22427929610672187,1.4355588650764994,2.1231388088376564,1,1,1,1,0,0.0,0,0,0
12.935682773590088,0.49862884900015936,1.0,0.9217973270806542,0.0,1.6257003952339693,2.6849583869003317,1,1,1,1,0,0.0,0,0,0
12.998481512069702,0.6253536214065554,1.0,1.0,0.126724772406396,1.6252910922973256,2.6269255251432204,1,1,1,1,0,0.0,0,0,0
13.063710927963257,0.5564271168878951,0.8044235294771186,0.9228680634661595,0.0,1.4745370942240763,2.366750268720889,1,1,1,1,0,0.0,0,0,0
13.12858772277832,0.6413235680007233,1.0,1.0,0.08489645111282818,1.6412594420565176,2.1995325238013796,1,1,1,1,0,0.0,0,0,0
13.211234331130981,0.6639033765032808,1.0,0.6774618444587035,0.022579808502557475,2.455869364711105,3.5148951172219287,1,0,1,1,0,0.0,0,0,0
13.27571439743042,0.7432019552684753,1.0,1.0,0.07929857876519453,1.743127642504225,1.8655993076590223,1,1,1,1,0,0.0,0,0,0
13.35001516342163,0.7697856107632393,0.8441599776540815,0.680773115678596,0.026583655494763936,2.3705526789799496,2.4698355873773536,1,0,1,1,0,0.0,0,0,0
13.422745704650879,0.6428521018850173,0.7625937354568368,0.7117385670492931,0.0,1.9745289204659286,2.078349559573482,1,0,1,1,0,0.0,0,0,0
13.488459825515747,0.791371668471919,0.6646481018252556,0.7937561332445967,0.14851956658690169,1.8342363424791055,1.8495334610393626,1,0,1,1,0,0.0,0,0,0
13.54970908164978,0.6409407246525971,0.6948522033153975,0.9006634251519313,0.0,1.4830674632938945,1.5459221160911094,1,1,1,1,0,0.0,0,0,0
13.617894172668457,0.5001881081920334,0.523984320324724,0.8730804823496642,0.0,1.1730363300843782,1.2186001335518728,1,1,1,1,0,0.0,0,0,0
13.689284563064575,0.3307860849873144,0.6569632287320717,0.9807676014525933,0.0,1.007117894664329,1.1273978785827128,1,1,1,0,0,0.0,0,0,0
13.75442123413086,0.5358374070021288,0.8725661709399952,1.0,0.2050513220148144,1.4083627416679572,1.4549454130682742,1,1,1,1,0,0.0,0,0,0
13.820065021514893,0.7034581787603197,0.8479697050368843,1.0,0.1676207717581909,1.5513727465225517,1.3122633823740835,1,1,1,1,0,0.0,0,0,0
13.925660133361816,0.750542510972281,0.8692257834196155,0.8859525060809036,0.04708433221196129,1.828185444175009,1.5375007195072814,1,0,1,1,0,0.0,0,0,0
14.016247034072876,0.8524686156920633,1.0,0.8419084545228296,0.10192610471978236,2.200178164175232,1.907789635120455,1,0,1,1,0,0.0,0,0,0
14.099427223205566,0.9436967011570602,1.0,1.0,0.09122808546499683,1.9436023409229677,1.4368791002811623,1,0,1,1,0,0.0,0,0,0
14.165306806564331,1.0,1.0,1.0,0.05630329884293983,1.9999000099990003,1.7360719559672442,1,0,1,1,0,0.0,0,0,0
14.3170006275177,0.3140199776474518,0.9526379971697979,1.0,0.0,1.2666313116860812,1.0475551709216788,1,1,1,0,0,0.0,0,0,0
14.58483076095581,0.5253008381180094,0.8904071573330595,0.932391419615317,0.2112808604705576,1.5183067271923378,1.2108813928182809,1,1,1,0,0,0.0,0,0,0
14.65566635131836,0.8089061472723198,0.8317467023451934,0.8703968140679076,0.28360530915431037,1.8848464728436305,1.4478945129732028,1,0,1,1,0,0.0,0,0,0
14.719309329986572,0.6483080060607233,0.983052963756103,1.0,0.0,1.631297840032823,1.2452129634540923,1,1,1,1,0,0.0,0,0,0
14.789186239242554,0.8625660856270483,0.9773431618544552,1.0,0.21425807956632503,1.839825264955008,1.1211875112795524,1,0,1,0,0,0.0,0,0,0
14.855393171310425,0.7483336242615386,1.0,1.0,0.0,1.7482587983817004,1.0460835136128004,1,1,1,0,0,0.0,0,0,0
14.93978214263916,0.7899648333632935,1.0,0.7564254360153327,0.041631209101754885,2.3661660905833886,1.4556323662737987,1,0,1,1,1,0.12706973418245138,0,1,0
15.016760110855103,0.9015814358585061,1.0,0.7589649548072254,0.11161660249521266,2.5052947363924387,1.559326041974579,1,0,1,1,1,0.39192770225707935,0,0,0
15.082089900970459,0.9503692848216209,0.9942190819193254,0.887332841561532,0.04878784896311472,2.191363983463877,1.3540460907081975,1,0,1,1,0,0.39192770225707935,0,0,0
15.147806644439697,1.0,1.0,0.9332856621153779,0.04963071517837914,2.1428441438312595,1.7026380144648525,1,0,1,1,0,0.0,1,1,0
15.211225271224976,1.0,0.8905754608563781,1.0,0.0,1.8904864122151566,1.4483167053892763,1,0,1,1,0,0.0,0,0,0
15.284966468811035,0.9710303445426104,1.0,1.0,0.0,1.9709332512174886,1.5415961521332504,1,0,1,1,0,0.0,0,0,0
15.351273775100708,0.7212792114000949,0.7442595231945355,0.9729953751100702,0.0,1.5061614432489179,1.179433468221852,1,1,1,0,0,0.0,0,0,0
15.437063455581665,0.7983577300629926,0.4307956667818015,0.9240096234891072,0.07707851866289772,1.3302030036258827,0.9324367088607596,1,0,1,0,0,0.0,0,0,0
15.502709150314331,0.35264583061647364,0.41745606154149534,1.0,0.0,0.770124879670002,0.5240894075249903,1,1,1,0,0,0.0,0,0,0
15.56879711151123,0.5690352480227917,0.470719707928576,0.8036344379565041,0.21638941740631806,1.2937792719137433,0.8265017471850905,1,1,1,0,0,0.0,0,0,0
15.637414693832397,0.6173745747575152,0.6746473288046555,0.8907117168611519,0.04833932673472352,1.4504994479810707,0.9705836332342357,1,1,1,0,0,0.0,0,0,0
15.708441734313965,0.6782160126026772,0.4771195288063025,1.0,0.06084143784516194,1.155320009408039,0.6690611728562392,1,1,1,0,0,0.0,0,0,0
15.790584564208984,0.43318300448617497,0.693325409084017,0.9637673081191235,0.0,1.168841814718915,0.774731764937494,1,1,1,0,0,0.0,0,0,0
15.851212739944458,0.5159458245999331,0.5674073169061743,0.9080960185650788,0.08276282011375813,1.1929727937124515,0.745560848852317,1,1,1,0,0,0.0,0,0,0
15.91566514968872,0.910376011211708,1.0,0.9476738023790875,0.39443018661177487,2.01575102246555,1.4253288764287255,1,0,1,1,0,0.0,0,1,0
15.979168891906738,0.845422991204398,0.9964087285355219,1.0,0.0,1.8417475449854213,0.9341463414634147,1,0,1,0,0,0.0,0,0,0
16.04612374305725,1.0,1.0,0.9014732952976083,0.154577008795602,2.2184552386722696,1.508724832214765,1,0,1,1,0,0.0,0,0,0
16.119003772735596,0.704463112749743,0.9423756316829427,0.8766332176428338,0.0,1.8784947476503857,1.3369908871117724,1,0,1,1,0,0.0,0,0,0
16.198074102401733,1.0,1.0,0.8018230808743237,0.29553688725025695,2.494129484113768,2.1002822602119617,1,0,1,1,1,1.1056608962011083,0,0,0
16.278764486312866,0.8874263117182022,1.0,0.9803036081725884,0.0,1.9252543503347914,1.8928130289583238,1,0,1,1,0,1.1056608962011083,0,0,0
16.345826864242554,1.0,0.9587784995523182,1.0,0.11257368828179781,1.9586826312891894,1.5597334967069998,1,0,1,1,0,1.1056608962011083,0,0,0
16.413060665130615,1.0,0.8474133441358022,0.9231713086072646,0.0,2.0010513994231416,1.603210910189461,1,0,1,1,0,0.0,1,0,1
16.474223136901855,0.8705805469106256,0.8270637559633299,0.6643221783214832,0.0,2.5552191938609483,2.081957034645474,1,0,1,1,0,0.0,0,0,0
16.538514852523804,0.8274551805147119,0.7206818305234304,0.7417219960864052,0.0,2.087073474777106,1.6783835347170029,1,0,1,1,0,0.0,0,0,0
16.618824243545532,0.9160339962458349,0.8120564062731171,1.0,0.08857881573112303,1.7280176007588761,1.3791752026365014,1,0,1,1,0,0.0,0,0,0
16.691064834594727,0.6577517702358309,0.5730096782337162,1.0,0.0,1.230738374632084,0.8584333672431332,1,1,1,0,0,0.0,0,0,0
16.758949279785156,0.6743192348892175,0.9756892141552751,0.8738980772637412,0.016567464653386654,1.8880000905843517,1.4214555673999418,1,0,1,1,0,0.0,0,0,0
16.834614753723145,0.7334472005316962,1.0,1.0,0.059127965642478686,1.7333738631453817,1.664670918478025,1,1,1,1,0,0.0,0,0,0
16.919456005096436,1.0,0.9225859314509,1.0,0.2665527994683038,1.9224936820826917,1.8259962823593419,1,0,1,1,0,0.0,0,0,0
16.984069347381592,1.0,1.0,0.846532057382711,0.0,2.362419403516487,2.7301340154590448,1,0,1,1,0,0.0,0,0,0
17.065388917922974,0.9955002328382985,1.0,1.0,0.0,1.9954006927690215,2.076564272807497,1,0,1,1,0,0.0,0,0,0
17.145288705825806,1.0,0.9014249827173467,0.9726149778032732,0.004499767161701529,1.954863476053024,2.043129615367191,1,0,1,1,0,0.0,0,0,0
17.20909070968628,0.9498385107932757,0.9344639087288307,1.0,0.0,1.884213998122294,1.891172389871662,1,0,1,1,0,0.0,0,0,0
17.279834508895874,0.7052033270396578,0.7887694959367793,1.0,0.0,1.4939234306333737,1.3933292155651635,1,1,1,1,0,0.0,0,0,0
17.37051010131836,0.9111033721059817,0.8194365662503238,1.0,0.20590004506632387,1.7304668916671386,1.4493093141610796,1,0,1,1,0,0.0,0,0,0
17.48072052001953,0.9854826717771086,0.8131986263236515,1.0,0.07437929967112689,1.7986014379569644,1.1760669170365314,1,0,1,0,0,0.0,0,0,0
17.54555344581604,0.9694136161182573,1.0,1.0,0.0,1.9693166844498122,1.375740897544454,1,0,1,1,0,0.0,0,0,0
17.607556581497192,0.9428768033517376,1.0,0.9794525393826161,0.0,1.9835350583403522,1.5457637253802747,1,0,1,1,0,0.0,0,0,0
17.680171489715576,0.633188446944352,0.7014756068740778,0.8302764296767237,0.0,1.6074204494678044,1.2639278649307633,1,0,1,0,0,0.0,0,0,0
17.749223947525024,0.4826429002497912,0.37539794252261516,1.0,0.0,0.8580550372686795,0.6000000000000001,1,1,1,0,0,0.0,0,0,0
17.812498331069946,0.5178112347718365,0.3611305821744144,1.0,0.035168334522045375,0.8789539215540956,0.41778289095242,1,1,1,0,0,0.0,0,0,0
17.88042640686035,0.7079999752639792,0.5574444212754235,0.8149176606086844,0.19018874049214263,1.5527815625421524,0.7550020987827061,1,0,1,0,0,0.0,0,0,0
17.972617149353027,0.6800701505680161,0.4541931560124831,1.0,0.0,1.13424988159234,0.48892815726986577,1,1,1,0,0,0.0,0,0,0
18.04725432395935,0.4393384097597959,0.4674910911927856,0.990828199681777,0.0,0.9152323056744469,0.43455207574654037,1,1,1,0,0,0.0,0,0,0
18.119074821472168,0.8842518936396594,0.6204081759688225,1.0,0.4449134838798635,1.5046096086476173,0.6064040646548113,1,0,1,0,0,0.0,0,0,0
18.21631693840027,1.0,1.0,1.0,0.11574810636034061,1.9999000099990003,0.695793537898801,1,0,1,0,0,0.0,0,0,0
18.313552618026733,1.0,0.7006137610123728,0.7959997259226919,0.0,2.1363074318876563,0.7341384282624367,1,0,1,0,0,0.0,0,0,0
18.387011289596558,1.0,1.0,1.0,0.0,1.9999000099990003,0.6895564472399957,1,0,1,0,0,0.0,0,0,0
18.46396231651306,1.0,1.0,0.7685633342229163,0.0,2.602049442129317,0.9824022676272588,1,0,1,0,0,0.0,0,0,0
18.529949188232422,1.0,1.0,0.89123288782507,0.0,2.2439427820064157,0.8851707601409532,1,0,1,0,0,0.0,0,0,0
18.597808599472046,1.0,1.0,1.0,0.0,1.9999000099990003,0.9288294467306814,1,0,1,0,0,0.0,0,0,0
18.662628412246704,1.0,0.8566999607113582,0.9039517214671265,0.0,2.053864747581122,0.9346106336566008,1,0,1,0,0,0.0,0,0,0
18.725531816482544,0.7726226567210757,1.0,0.9827414137955569,0.0,1.8036711028233328,0.9398503790731535,1,0,1,0,0,0.0,0,0,0
18.79558753967285,0.434130606327237,0.71202729040272,1.0,0.0,1.1461432824017168,0.45065991548614076,1,1,1,0,0,0.0,0,0,0
18.8732328414917,0.5069127875612163,1.0,0.6689402788911367,0.07278218123397928,2.252499341383347,0.9777816604059287,1,0,1,0,0,0.0,0,0,0
18.94776940345764,0.8558278141166198,1.0,0.6956848101094827,0.3489150265554035,2.6673876565724206,1.1304233268926753,1,0,1,0,0,0.0,0,0,0
19.03548550605774,0.6174639468362618,0.6592139316399159,0.7134219474461857,0.0,1.7894023905585235,0.7443294627278743,1,0,1,0,0,0.0,0,0,0
19.102173328399658,0.9233109542287701,1.0,1.0,0.30584700739250825,1.9232186323655336,0.8074530481663605,1,0,1,0,0,0.0,0,0,0
19.171438694000244,0.7769179246514162,0.5868239322731642,0.77164965300443,0.0,1.7672076062685986,0.6746101559376249,1,0,1,0,0,0.0,0,0,0
19.23858904838562,0.5807106217554003,1.0,0.8081526117262935,0.0,1.9558373196952017,1.0788490581034893,1,1,1,0,0,0.0,0,0,0
19.301921129226685,0.6671121087224253,0.49931331260321965,0.8376431456843992,0.08640148696702499,1.3924619107120775,0.6094990309820266,1,0,1,0,0,0.0,0,0,0
19.38188338279724,1.0,1.0,0.6595261424357028,0.3328878912775747,3.032172121945516,1.666478196338964,1,0,1,1,1,1.5140600754976377,0,0,0
19.45078206062317,1.0,1.0,1.0,0.0,1.9999000099990003,1.2448417848990736,1,0,1,0,0,1.5140600754976377,0,0,0
19.51926064491272,1.0,0.8093360943841423,0.7333830886052765,0.0,2.466909084195518,1.5233588465080827,1,0,1,1,0,1.5140600754976377,0,0,0
19.589261770248413,1.0,1.0,0.8680797408974523,0.0,2.30378561694202,2.13090206834784,1,0,1,1,0,0.0,1,0,0
19.652902603149414,1.0,0.5828327011838284,0.9839988896140386,0.0,1.6085097929585623,1.3092690936145104,1,0,1,1,0,0.0,0,0,0
19.720792770385742,0.8533906312798689,0.7029317542781882,0.9169819172890349,0.0,1.6971465211733345,1.5073373459443964,1,0,1,1,0,0.0,0,0,0
19.809077501296997,0.7406293876525286,1.0,1.0,0.0,1.7405553321193166,1.6478870091849736,1,1,1,1,0,0.0,0,0,0
19.875240564346313,0.9186712112918506,0.6363020549820788,0.8959938960830592,0.17804182363932197,1.7353909819845366,1.365739780037352,1,0,1,1,0,0.0,0,0,0
19.992595195770264,1.0,0.8009294331755342,1.0,0.08132878870814941,1.80084934824071,1.1337893789378937,1,0,1,0,0,0.0,0,0,0
20.057649850845337,1.0,1.0,0.843407543711275,0.0,2.3711702579445055,1.9652862498059134,1,0,1,1,0,0.0,0,0,0
20.129136085510254,1.0,0.9772715502755946,0.7757202273916342,0.0,2.5487496722322724,2.3242413567510445,1,0,1,1,0,0.0,0,0,0
20.193912744522095,0.6688694532488774,1.0,0.8187781597776399,0.0,2.038116944896996,2.265606026813372,1,0,1,1,0,0.0,0,0,0
20.258265256881714,0.9019248384467922,0.8257117833030069,0.9718473338668131,0.2330553851979148,1.7776031288404692,1.7802495930548017,1,0,1,1,0,0.0,0,0,0
20.331486463546753,0.8762002050669189,1.0,1.0,0.0,1.876112593807538,1.984401834602873,1,0,1,1,0,0.0,0,0,0
20.397051334381104,0.6413192508897758,0.6221459671338337,1.0,0.0,1.263438874136196,1.2784198975859544,1,1,1,0,0,0.0,0,0,0
20.462524890899658,0.443530399747369,0.7460054463292112,1.0,0.0,1.1895168943871415,1.2810689514483886,1,1,1,0,0,0.0,0,0,0
20.543241262435913,0.7241980695118219,0.8430904150485186,1.0,0.28066766976445284,1.567231761384202,1.4039342234932657,1,1,1,1,0,0.0,0,0,0
20.61692500114441,0.6925921187323572,0.7569071464026502,1.0,0.0,1.4494543197030372,1.0821133906151243,1,1,1,0,0,0.0,0,0,0
20.694093465805054,0.904229672839529,0.9862947071041819,0.8725028776402289,0.2116375541071719,2.1666492609519086,1.615789797298682,1,0,1,1,0,0.0,0,0,0
20.75527262687683,1.0,0.7811138690448536,0.9557658982539852,0.09577032716047096,1.8634558177025409,1.3361476650751134,1,0,1,1,0,0.0,0,0,0
20.828519582748413,0.8558895960775696,0.8882959025443146,1.0,0.0,1.7441110875131327,1.3198149783117732,1,0,1,1,0,0.0,0,0,0
20.90557289123535,0.8808852024062479,1.0,1.0,0.024995606328678255,1.8807971226939786,1.9770838767373404,1,0,1,1,0,0.0,0,0,0
21.00423240661621,0.7470874158945483,0.5895970765097744,0.9178412500728241,0.0,1.4562854565020038,1.367229206130532,1,0,1,1,0,0.0,0,0,0
21.066738605499268,1.0,0.8853685433896068,0.8762669936212039,0.2529125841054517,2.1514600128865324,2.2879741651650947,1,0,1,1,0,0.0,0,0,0
21.13246750831604,0.6957143167498014,1.0,0.9130102172995476,0.0,1.8571846909840088,2.539115606531337,1,0,1,1,0,0.0,0,0,0
21.207854986190796,0.5644454396594557,0.5918388304792763,1.0,0.0,1.1562686432744047,1.3165877731896465,1,1,1,1,0,0.0,0,0,0
21.281110525131226,0.6718488852361807,1.0,0.8337056916808614,0.10740344557672499,2.0052020535692363,3.2162680391563216,1,0,1,1,0,0.0,0,0,0
21.353964805603027,0.7629622436976453,1.0,1.0,0.09111335846146462,1.7628859551021352,2.7755449368331475,1,1,1,1,0,0.0,0,0,0
21.451913356781006,0.8110994210574193,0.36047143537186915,1.0,0.048137177359773964,1.1715537010591826,1.2233485574245295,1,0,1,0,0,0.0,0,0,0
21.524372100830078,1.0,1.0,0.7518001162279312,0.18890057894258072,2.6600607671587184,4.306814668233256,1,0,1,1,1,0.753730528408091,0,1,0
21.589913606643677,0.6403533346113378,0.40334667215874503,0.8606526454631338,0.0,1.2126596557928198,1.7082490447291523,1,1,1,1,0,0.753730528408091,0,0,0
21.658803701400757,0.7699632181383819,0.945645060935452,0.9103322294305924,0.12960988352704406,1.8844986190206399,3.232685600398604,1,0,1,1,0,0.753730528408091,0,0,0
21.72187376022339,0.6323066829468842,0.8636711069507785,1.0,0.0,1.495928197077955,2.6071751660678744,1,1,1,1,0,0.0,1,0,0
21.80366611480713,0.639489215422517,0.7667846199599981,0.9840955636340251,0.00718253247563283,1.4289577065249586,2.4058406640377243,1,1,1,1,0,0.0,0,0,0
21.87627339363098,0.6052406749140611,1.0,1.0,0.0,1.6051801568983712,3.1900395741597456,1,1,1,1,0,0.0,0,0,0
21.941551685333252,0.8712158857851168,0.6809181455236453,1.0,0.2659752108710557,1.5520788234264193,2.3508039027071597,1,0,1,1,0,0.0,0,0,0
22.017706871032715,1.0,0.7533485091694015,1.0,0.12878411421488323,1.7532731818512166,2.5004698757439696,1,0,1,1,0,0.0,0,0,0
22.09902262687683,0.4844506392137071,1.0,1.0,0.0,1.4844021989938077,2.884818093434989,1,1,1,1,0,0.0,0,0,0
22.161213874816895,1.0,0.912974360761869,1.0,0.5155493607862929,1.9128830724546235,2.7029836641015255,1,0,1,1,0,0.0,0,0,0
22.225236892700195,1.0,1.0,0.8677535153472152,0.0,2.3046516083993622,5.18237147550696,1,0,1,1,0,0.0,0,0,0
22.299553394317627,0.4638036821605158,0.4398883365754438,1.0,0.0,0.9037016485711025,1.7488196209968594,1,1,1,1,0,0.0,0,0,0
22.370572090148926,1.0,1.0,0.7556945495231141,0.5361963178394842,2.646354093532441,6.9426744083232625,1,0,1,1,1,2.1284479809773114,0,0,0
22.480157613754272,0.6294602408726319,1.0,0.890936465856237,0.0,1.8288367573225124,5.638249586159022,1,1,1,1,0,2.1284479809773114,0,0,0
22.552874088287354,0.5459921200942705,0.6689316878421512,1.0,0.0,1.214902317704651,3.0513347471523207,1,1,1,1,0,0.0,1,0,0
22.622522592544556,0.9618527342825054,0.9434597916362663,0.8372302437737205,0.41586061418823494,2.275580680486789,5.307928820200261,1,0,1,1,1,1.3566341927803138,0,0,0
22.69086790084839,0.873684073263433,0.5149015142272756,0.9494823295496417,0.0,1.4624172589114208,2.830958452077396,1,0,1,1,0,1.3566341927803138,0,0,0
22.759524822235107,1.0,0.771817600419166,1.0,0.126315926736567,1.7717404263765282,3.4526005803126756,1,0,1,1,0,1.3566341927803138,0,0,0
22.842307090759277,0.8177353937323223,1.0,0.8297895663742911,0.0,2.190454570569278,5.295160583141509,1,0,1,1,0,0.0,1,0,0
22.91036891937256,0.5564077878013294,0.5516417419331676,0.9950796023940826,0.0,1.1135171250180822,2.520749505964144,1,1,1,1,0,0.0,0,0,0
22.97646403312683,0.9527388314288331,1.0,0.656327138024636,0.3963310436275037,2.9749513972037245,8.77529438235956,1,0,1,1,1,1.712874370292547,0,0,0
23.043067932128906,1.0,0.49278159802498933,1.0,0.04726116857116691,1.4927323247925102,3.2893450385196177,1,0,1,1,0,1.712874370292547,0,0,0
23.130326509475708,1.0,0.841242622349802,1.0,0.0,1.841158506499152,4.210531865536294,1,0,1,1,0,1.712874370292547,0,0,0
23.237724542617798,1.0,1.0,0.810810409244758,0.0,2.4664870214982133,7.8838137472283805,1,0,1,1,0,0.0,1,0,0
23.304222106933594,0.937106442801591,0.33743216339497284,1.0,0.0,1.2745111550810557,2.62076713929398,1,0,1,1,0,0.0,0,0,0
23.36819314956665,1.0,0.6325004336990588,1.0,0.06289355719840894,1.6324371899800607,4.34015773304599,1,0,1,1,0,0.0,0,0,0
23.434543132781982,0.5910243446655673,0.6577360361707358,1.0,0.0,1.2487355072855746,4.000521722633276,1,1,1,1,0,0.0,0,0,0
23.50416111946106,0.7571282543781934,0.41951257661745256,0.8976767287732582,0.16610390971262612,1.3107277046527708,3.3011782843299193,1,0,1,1,0,0.0,0,0,0
23.588927268981934,0.6214353736420587,1.0,1.0,0.0,1.6213732363184268,6.910827366951846,1,1,1,1,0,0.0,0,0,0
23.673420429229736,1.0,1.0,0.814349885439206,0.3785646263579413,2.4557680414202676,10.72525602962271,1,0,1,1,1,1.3945003665330553,0,1,0
23.73927092552185,0.896003518783683,0.7145791332040652,1.0,0.0,1.6105215998277653,4.766569160050146,1,0,1,1,0,1.3945003665330553,0,0,0
23.816843032836914,0.7955700095515609,0.934093992274851,0.733907234205751,0.0,2.356603479117126,8.056341804963798,1,0,1,1,0,1.3945003665330553,0,0,0
23.901593923568726,1.0,0.7771547763340707,1.0,0.20442999044843913,1.777077068627208,4.730575136960748,1,0,1,1,0,0.0,1,0,1
23.98145079612732,0.9251288717567042,0.6587804174004988,1.0,0.0,1.5838509040667963,3.5729792979297925,1,0,1,1,0,0.0,0,0,0
24.05510902404785,0.9493728943772446,1.0,0.7824737167528295,0.024244022620540373,2.491104483378621,8.416564549845022,1,0,1,1,0,0.0,0,1,0
24.12307071685791,1.0,0.7198061068999869,0.8781213520736827,0.05062710562275541,1.9583970519947993,6.031713463725773,1,0,1,1,0,0.0,0,0,0
24.19706630706787,0.48857851504025845,0.9386213968167127,0.6930722238961671,0.0,2.0590841102005437,8.603045775167487,1,0,1,1,0,0.0,0,0,0
24.263119220733643,0.7384306049560373,0.6312496532314491,1.0,0.24985208991577884,1.3696432938581005,4.114233818991445,1,1,1,1,0,0.0,0,0,0
24.3655264377594,0.676789969856242,0.6960115184952386,1.0,0.0,1.3727642119302874,4.130307409866801,1,1,1,1,0,0.0,0,0,0
24.436055660247803,0.9777429050932813,0.8450631733571536,0.9044727191797144,0.30095293523703937,2.015212309413316,5.713816085742592,1,0,1,1,0,0.0,0,1,0
24.509913444519043,0.9025745730003588,0.6440550712109381,1.0,0.0,1.5465749867126257,3.6096947868009828,1,0,1,1,0,0.0,0,0,0
24.58139729499817,0.8474714874545892,1.0,0.8111050750796556,0.0,2.2775640145904763,7.305107235048612,1,0,1,1,0,0.0,0,0,0
24.656091690063477,1.0,1.0,0.5790019784413827,0.15252851254541078,3.453795832960451,11.901267252638638,1,0,1,1,1,0.7902035115554934,0,0,0
24.724222898483276,1.0,0.6129272330705058,0.8446303557067273,0.0,1.9095173059348598,5.513396911898273,1,0,1,1,0,0.7902035115554934,0,0,0
24.791001081466675,0.9911551660892227,1.0,0.6910683791396978,0.0,2.8809986483579477,10.980726059906358,1,0,1,1,0,0.7902035115554934,0,0,0
24.859898805618286,0.9214578380744314,0.6938847096236914,0.8611782375355155,0.0,1.8756337700121082,6.416528038636971,1,0,1,1,0,0.0,1,0,0
24.92581796646118,0.8673465851234926,1.0,0.6122825083444134,0.0,3.049477344106654,12.51434956480828,1,0,1,1,0,0.0,0,0,0
25.006457567214966,0.9602840837746451,0.7331526192331101,1.0,0.09293749865115253,1.6933673662711282,4.847122302158272,1,0,1,1,0,0.0,0,0,0
25.18534827232361,1.0,0.8258582142978019,1.0,0.039715916225354864,1.8257756367341285,5.022249418184736,1,0,1,1,0,0.0,0,0,0
25.25880527496338,0.9730787601988181,1.0,0.6493617098227187,0.0,3.038175662022369,11.521861094989358,1,0,1,1,0,0.0,0,0,0
25.429717540740967,1.0,0.7943462047773193,1.0,0.026921239801181884,1.7942667780995094,6.360051862656571,1,0,1,1,0,0.0,0,0,0
25.499070167541504,1.0,1.0,0.9419240893056472,0.0,2.1231941122378792,8.972976434426227,1,0,1,1,0,0.0,0,0,0
25.582244157791138,1.0,0.5817901790518186,1.0,0.0,1.5817320058512334,5.091787880169622,1,0,1,1,0,0.0,0,0,0
25.657442331314087,0.9661628061051979,0.9760091750492663,0.7790250562477509,0.0,2.492888613425428,9.739974918178202,1,0,1,1,0,0.0,0,0,0
25.752748012542725,1.0,1.0,0.8555703094287265,0.03383719389480211,2.337465701404706,11.078229587473828,1,0,1,1,0,0.0,0,0,0
25.892597675323486,1.0,1.0,1.0,0.0,1.9999000099990003,10.053162113616256,1,0,1,1,0,0.0,0,0,0
25.98429536819458,1.0,0.9295112418511683,1.0,0.0,1.929418300021166,7.750265135795638,1,0,1,1,0,0.0,0,0,0
26.171512842178345,1.0,0.45733945150018523,0.2957736289087458,0.0,4.925884935658436,30.670304920304922,1,0,1,1,0,0.0,0,0,0
26.238137006759644,0.4630482744052609,0.7368091144608241,0.767032936096749,0.0,1.5642104939094275,10.141199902162898,1,1,1,1,0,0.0,0,0,0
26.309036254882812,0.8923387819110541,0.5090061285167683,1.0,0.4292905075057932,1.4013047799498275,8.061254216498007,1,0,1,1,0,0.0,0,0,0
26.38147234916687,0.5101765207227345,0.8947322574000115,0.9307664839451992,0.0,1.5093558553832946,8.963542562338777,1,1,1,1,0,0.0,0,0,0
26.48022961616516,0.30864087674034507,0.9999002367817361,0.6608511058391885,0.0,1.9799363401632282,11.915073765234125,1,1,1,1,0,0.0,0,0,0
26.546566009521484,0.7315434300913058,0.7647024854378357,0.8106043898504574,0.4229025533509608,1.8457355532577757,10.794054662262713,1,0,1,1,0,0.0,0,0,0
26.616487979888916,0.7747008105318623,1.0,0.7488973152893481,0.0431573804405565,2.369568988169513,14.779306391516196,1,0,1,1,1,0.1303565012072406,0,0,0
26.683107137680054,1.0,0.5907450015010236,1.0,0.22529918946813765,1.5906859329077327,11.15807072332103,1,0,1,1,0,0.1303565012072406,0,0,0
26.7516086101532,0.2973172011911294,1.0,1.0,0.0,1.297287472443885,8.84515316827528,1,1,1,1,0,0.1303565012072406,0,0,0
26.827932119369507,0.6082159757606376,0.666563231847915,0.6281878072961358,0.31089877456950815,2.0291324975651706,13.350858419020149,1,0,1,1,0,0.0,1,0,0
26.899773359298706,0.8576351739273778,0.8156459657430566,0.6786841547990315,0.24941919816674019,2.4652625254133613,16.142124904455734,1,0,1,1,1,0.7781097231788666,0,0,0
26.994555711746216,0.9700778523048582,0.4359574473184921,1.0,0.11244267837748045,1.405994700153335,8.329308846879773,1,0,1,1,0,0.7781097231788666,0,0,0
27.06682515144348,1.0,0.8986713161580797,0.7372978313753361,0.029922147695141788,2.5749618935231227,15.747319801686512,1,0,1,1,0,0.7781097231788666,0,0,0
27.13796854019165,1.0,0.5180025323585334,0.3127226712502475,0.0,4.852917233559785,34.499171156237054,1,0,1,1,0,0.0,1,0,0
27.205054998397827,0.7231603550062494,0.4845417770169319,0.767009621553561,0.0,1.5744843997356255,11.165568186844782,1,0,1,1,0,0.0,0,0,0
27.27262783050537,0.8146899417808177,1.0,0.9112542360292151,0.09152958677456824,1.991311248727922,13.876498196346148,1,0,1,1,0,0.0,0,0,0
27.3504638671875,0.8482941451424578,0.6708954226035934,0.8417631599249097,0.03360420336164016,1.8046752014680922,12.757430531129089,1,0,1,1,0,0.0,0,0,0
27.415889263153076,0.685353283690722,1.0,1.0,0.0,1.6852847552152006,10.861375718487736,1,1,1,1,0,0.0,0,0,0
27.488098859786987,0.6920721946916923,0.40963150955415906,0.47850676605102166,0.006718911000970329,2.3021064105232356,13.768973410811762,1,0,1,1,0,0.0,0,0,0
27.580703020095825,1.0,0.5186728367423069,0.3298674358995032,0.30792780530830766,4.602796129266748,28.525253431416527,1,0,1,1,1,1.551138797815416,0,1,0
27.67325782775879,0.6984430926142732,0.9299057739549706,0.9371184237122392,0.0,1.7375339892691204,11.449754984225011,1,1,1,1,0,1.551138797815416,0,0,0
27.741081953048706,1.0,0.5139776163204363,0.8545264241066863,0.3015569073857268,1.7716250909314595,13.039347151450135,1,0,1,1,0,0.0,1,0,0
27.81697106361389,0.6669270575267938,0.5231356028937567,0.6601609500319623,0.0,1.8025640625315436,13.222222222222223,1,0,1,1,0,0.0,0,0,0
27.94528102874756,0.8444665718560543,0.5162095883844176,0.4085307815754984,0.17753951432926052,3.3300872611552284,24.366420464781122,1,0,1,1,1,0.6518645308922011,0,0,0
28.018497467041016,0.9689852995231119,0.9577279089659703,0.9204616390626854,0.12451872766705752,2.0930844027467415,15.347546900574976,1,0,1,1,0,0.6518645308922011,0,0,0
28.088853120803833,0.8458815648432236,0.815392525179957,0.6118012070965276,0.0,2.71510183466773,19.86577754418238,1,0,1,1,0,0.0,1,1,0
28.29675054550171,0.8980610457383548,0.8486060012044941,0.7011986612741247,0.052179480895131136,2.4907605609417667,18.227848101265824,1,0,1,1,1,0.17186314994611732,0,0,0
28.357401371002197,1.0,0.6288737955250884,0.6545949668068215,0.10193895426164523,2.4881416203184954,19.93630665033504,1,0,1,1,1,0.0,1,0,0
28.433695077896118,0.9152400793857818,0.6469679392360276,1.0,0.0,1.5621518034414654,12.340259105353212,1,0,1,1,0,0.0,0,0,0
28.501935482025146,0.9326719222716098,0.7979671551373644,0.9284440745613814,0.017431842885827997,1.863927760485174,14.605218439949569,1,0,1,1,0,0.0,0,0,0
28.587626218795776,1.0,0.9416969488280067,0.3139707685198592,0.06732807772839022,6.182673280863525,52.28116039804351,1,0,1,1,1,0.39611760164812077,0,0,0
28.654051780700684,0.7507398622394288,1.0,1.0,0.0,1.750664795759853,15.982772587352166,1,1,1,1,0,0.39611760164812077,0,0,0
28.719725847244263,0.8699580755370959,0.8229628031838422,0.7255512219039996,0.11921821329766713,2.333105530062647,21.400447945628667,1,0,1,1,1,0.39611760164812077,0,0,0
28.78424835205078,1.0,0.7270400157321996,0.9618579852403905,0.13004192446290408,1.7954422565561348,18.2040878214459,1,0,1,1,0,0.0,1,0,0
28.876444578170776,0.9058457955927774,0.8979173617362681,0.676623894142378,0.0,2.665582186388006,26.474296094459586,1,0,1,1,0,0.0,0,0,0
28.95756959915161,1.0,1.0,1.0,0.09415420440722255,1.9999000099990003,19.59061183772999,1,0,1,1,0,0.0,0,0,0
29.076656341552734,1.0,0.8278226954623669,1.0,0.0,1.82773992147022,15.241756311745334,1,0,1,1,0,0.0,0,0,0
29.144935131072998,0.6353374812398279,1.0,1.0,0.0,1.6352739538444434,13.625392931074138,1,1,1,1,0,0.0,0,0,0
29.24691367149353,0.7107331860289697,0.775948562689927,0.806329877048842,0.07539570478914182,1.8436590595574482,15.154486726556978,1,0,1,1,0,0.0,0,0,0
29.316734313964844,0.8125903957031161,0.785236089910486,1.0,0.10185720967414635,1.597766708942708,7.746179752689251,1,0,1,1,0,0.0,0,0,0
29.38225483894348,0.605969155168767,1.0,0.8188462803095162,0.0,1.9611410342590019,10.155279106858053,1,0,1,1,0,0.0,0,0,0
29.45000433921814,0.8763020955688758,0.5359860605134543,0.3780499517918641,0.2703329404001088,3.7349949388852934,18.298029380150485,1,0,1,1,1,1.1553858220879605,0,0,0
29.518829822540283,1.0,0.6614138930375562,0.3809078102466371,0.12369790443112416,4.360839458807974,23.04993702304216,1,0,1,1,1,1.1553858220879605,0,0,0
29.60072898864746,0.8160656250667275,1.0,0.6282947282731075,0.0,2.8901668702055074,15.799735124396934,1,0,1,1,0,1.1553858220879605,0,0,0
29.668610095977783,0.7975251524322186,0.9462191787339693,0.6804058419172649,0.0,2.5625706992508115,13.99854419726127,1,0,1,1,0,0.0,1,1,0
29.74248480796814,1.0,0.8147642955257353,0.7879916219143227,0.20247484756778145,2.3028595217359613,12.964593773104413,1,0,1,1,1,0.6562216652707998,0,0,0
29.82806158065796,1.0,1.0,1.0,0.0,1.9999000099990003,9.379553996492108,1,0,1,1,0,0.6562216652707998,0,0,0
29.895118236541748,0.6994357550785296,1.0,0.6738548443691365,0.0,2.5217353495980888,12.872874149659864,1,0,1,1,0,0.6562216652707998,0,0,0
29.963720083236694,0.8185934703304558,0.8923943057209636,0.9651909500136696,0.1191577152519262,1.772613506867736,8.942247614758942,1,0,1,1,0,0.0,1,0,0
30.035319328308105,1.0,0.9066927597699402,0.35617771547686866,0.18140652966954418,5.351984356410692,31.555080383305615,1,0,1,1,1,1.0545860927309099,0,0,0
30.135849237442017,0.7454355349935321,0.7617432453371299,0.46900375958040597,0.0,3.2131031771709972,18.89810017271157,1,0,1,1,0,1.0545860927309099,0,0,0
30.20796823501587,0.9226737054114595,1.0,0.6739269704745411,0.17723817041792744,2.8526658273892993,20.426203557128222,1,0,1,1,1,0.0,1,0,1
30.274201154708862,0.49094304466632654,0.6016501001097615,0.7251553311062938,0.0,1.5066323512704276,10.868392615938767,1,1,1,1,0,0.0,0,0,0
30.350432634353638,0.8268980227882142,0.7962145571206256,0.8710455949968949,0.3359549781218877,1.8633080270751132,13.259744847890087,1,0,1,1,0,0.0,0,0,0
30.414680242538452,0.7900804740651788,0.48119260597426516,0.3929879766886659,0.0,3.234321972270341,22.299451290815867,1,0,1,1,0,0.0,0,0,0
30.481107234954834,0.8757055189264417,0.6295398325777821,0.6309001993587013,0.08562504486126288,2.3856495656168377,16.656801965142122,1,0,1,1,1,0.24318002557802756,0,0,0
30.545652389526367,1.0,0.28182540997444033,0.17247487542709097,0.12429448107355834,7.428227352341478,59.878582367096904,1,0,1,1,1,0.5672366104664651,0,0,0
30.610485792160034,0.6188019325285145,0.7129054310275266,0.581302941668078,0.0,2.290678749809917,18.52521238695533,1,0,1,1,0,0.5672366104664651,0,0,0
30.676037311553955,0.7284810108030952,0.6107782194716254,0.7693487464726348,0.10967907827458079,1.7406737439169437,14.13877507008842,1,0,1,1,0,0.0,1,0,0
30.742865562438965,0.7428532736874982,0.656287032141596,0.7775308648099092,0.014372262884402964,1.7993631286370513,14.60613966914622,1,0,1,1,0,0.0,0,0,0
30.818182468414307,0.9021822797757538,0.6904124397341191,0.5189056261692051,0.15932900608825562,3.0687426864051495,24.865556422933476,1,0,1,1,1,0.6098977864478419,0,1,0
30.887608289718628,0.9780021214472447,0.474034162443795,0.3747796689779544,0.07581984167149092,3.8736063970874763,31.39393939393939,1,0,1,1,1,0.6098977864478419,0,0,0
30.977256059646606,0.8151240209893458,0.9174036927946079,0.5226913345016023,0.0,3.314185984807373,26.738361090083274,1,0,1,1,0,0.6098977864478419,0,0,0
31.04347252845764,1.0,0.5412395581971454,0.27584706861925795,0.18487597901065422,5.585634831743154,55.53401109057302,1,0,1,1,1,0.0,1,0,0
31.110888481140137,0.7695880822340615,1.0,0.5768715592763006,0.0,3.0672015869444125,31.01866988668029,1,0,1,1,0,0.0,0,0,0
31.179798364639282,0.8417775929296579,0.8197458505606496,0.7628293348438345,0.07218951069559643,2.1779519643590954,22.362229556288963,1,0,1,1,0,0.0,0,0,0
31.2523672580719,0.9576625790766677,0.6391520058910233,0.540676083113206,0.11588498614700982,2.9530051990731123,30.732177471462418,1,0,1,1,1,0.4370824952383898,0,0,0
31.316885709762573,0.9376039703833309,0.603490910912695,0.9203527348882277,0.0,1.6743878559752188,17.525255860019808,1,0,1,1,0,0.4370824952383898,0,0,0
31.408081531524658,0.8688545630369627,0.7355558584750111,0.7688823629546591,0.0,2.0865373496304485,21.53999333444426,1,0,1,1,0,0.4370824952383898,0,0,0
31.470005750656128,1.0,1.0,0.491988190685612,0.13114543696303727,4.064515340661437,43.400188197338345,1,0,1,1,1,0.0,1,0,0
31.538971185684204,0.8457230357454841,1.0,1.0,0.0,1.8456384718982943,13.668076975569809,1,0,1,1,0,0.0,0,0,0
31.602977991104126,0.8437874872103758,1.0,0.54051546526541,0.0,3.410719089038892,29.598711138204305,1,0,1,1,0,0.0,0,0,0
31.67370104789734,0.9114719303306807,0.6993268528588681,0.7664082828557602,0.06768444312030497,2.1016064916974733,17.970652453120987,1,0,1,1,0,0.0,0,0,0
31.735535383224487,0.8398267083897201,0.5857319344443724,0.845488556825458,0.0,1.6859956669545726,14.369508731645418,1,0,1,1,0,0.0,0,0,0
31.80632495880127,1.0,0.6276301694539651,0.8361907871834451,0.16017329161027993,1.9463686487998022,17.045367656429207,1,0,1,1,0,0.0,0,0,0
31.88095784187317,1.0,0.655538617850462,0.6724394173664995,0.0,2.461771868084014,22.919788307285206,1,0,1,1,0,0.0,0,0,0
31.95368218421936,1.0,0.6103461425722467,0.28864637007431043,0.0,5.577372772366939,62.6299463113939,1,0,1,1,0,0.0,0,1,0
32.04922676086426,0.7594479351911225,0.8538584445817884,0.8619067113481269,0.0,1.8716865640751683,20.35433183344047,1,0,1,1,0,0.0,0,0,0
32.115463972091675,0.8295279853568469,1.0,0.7116494591398591,0.07008005016572438,2.5706067800429815,30.53206970894718,1,0,1,1,1,0.2395121426824148,0,0,0
32.182559967041016,0.8703279654829833,0.7579870348943918,0.5235522476017995,0.04079998012613639,3.109725982911601,37.13650753450678,1,0,1,1,1,0.2395121426824148,0,0,1
32.251556158065796,0.9413236760532493,1.0,1.0,0.07099571057026599,1.9412295530979395,8.544326559971228,1,0,1,1,0,0.2395121426824148,0,0,0
32.32411003112793,0.974017926297679,0.48377136486689126,0.38591832396854436,0.032694250244429734,3.7767359750605256,16.141368236078286,1,0,1,1,0,0.0,1,0,0
32.39139461517334,0.9481774604473687,1.0,0.5605954239240748,0.0,3.47475184800365,16.452627457804073,1,0,1,1,0,0.0,0,0,0
32.46880292892456,0.6861529778365514,0.07509211999388919,0.00664415191828653,0.0,112.88967197878212,349.14763231197765,1,0,1,1,0,0.0,0,0,0
32.55097937583923,0.0113472876727312,0.0047383130043729405,0.008218180978609144,0.0,1.9458101138610338,6.839506172839506,0,0,0,1,0,0.0,0,0,0
32.62628722190857,0.0033599077399858817,0.0015194392265158105,0.00859663381062774,0.0,0.5725602658371877,2.1679012345679016,0,0,0,1,0,0.0,0,0,0
32.690086126327515,0.002074293011046476,0.0013281274061852917,0.008491631943196576,0.000394339141053535,0.4076548483906153,1.6256410256410256,0,0,0,1,0,0.0,0,0,0
32.75358557701111,0.001017839966613715,0.0010346365788802042,0.01021925575215298,0.0,0.20858835144625934,0.963302752293578,0,0,0,0,0,0.0,0,0,0
32.8272545337677,0.0020108788515339816,0.0012643803039836207,0.009694089832924902,0.0015019588682271242,0.34462203360346516,1.414814814814815,0,0,0,1,0,0.0,0,0,0
32.89385390281677,0.0022218284190585317,0.0018752340016327195,0.008566405842555323,0.001216388993291541,0.4842910079380418,1.894150417827298,0,0,0,1,0,0.0,0,0,0
32.96026301383972,0.0023118135263099095,0.0014649857320547246,0.01101263240368685,0.0012008993167806437,0.3488641680506254,1.438095238095238,0,0,0,1,0,0.0,0,0,0
33.03582811355591,0.002418646062806732,0.0014322908096047282,0.010981471105991574,0.0012627392996517773,0.3565354125478207,1.4543209876543213,0,0,0,1,0,0.0,0,0,0
33.10471320152283,0.0020987477675361048,0.001917941094950895,0.012005929841459402,0.0008894247361327387,0.3400555691631798,1.438095238095238,0,0,0,1,0,0.0,0,0,0
33.18789291381836,0.002205752621094812,0.001678551266297625,0.012026582061759265,0.0011563787373267596,0.328559512243503,1.3777777777777778,0,0,0,1,0,0.0,0,0,0
33.255528926849365,0.001835410635216188,0.001862300614284424,0.01252284633518063,0.0007325343246687821,0.30086013476343787,1.3012345679012347,0,0,0,1,0,0.0,0,0,0
33.336886167526245,0.0024112431764423572,0.001714735379924128,0.013793566265969427,0.0014935378588342633,0.30416802104420787,1.292857142857143,0,0,0,1,0,0.0,0,0,0
33.542145013809204,0.0025474880617885024,0.0019386078343956634,0.012621739315798316,0.0013418664735673237,0.36049283689447925,1.4707520891364905,0,0,0,1,0,0.0,0,0,0
33.83297777175903,0.0038953107824282658,0.003125973004063269,0.017686028337876556,0.0026215667515340144,0.40038639606382936,1.6419753086419755,0,0,0,1,0,0.0,0,0,0
33.93126916885376,0.003440052064031406,0.0015661303519734578,0.015927600543495433,0.001492396672817273,0.3185868279002707,1.298050139275766,0,0,0,1,0,0.0,0,0,0
34.00897407531738,0.004327502425269895,0.002921946490702577,0.019648324562653134,0.0026074763932541923,0.37215556654721565,1.5283950617283955,0,0,0,1,0,0.0,0,0,0
34.078484535217285,0.0045111246629441154,0.003432911715935261,0.01947471859172964,0.002347373450309168,0.4109400776917426,1.666666666666667,0,0,0,1,0,0.0,0,0,0
34.15161442756653,0.006272208243655161,0.0023865375902045057,0.021397364303791088,0.004016645912183103,0.40743347463833274,1.6024691358024694,0,0,0,1,0,0.0,0,0,0
34.22577381134033,0.007935926789505459,0.00395339064655138,0.022367364949959334,0.004799822667677879,0.5336325582799838,2.05679012345679,0,0,0,1,0,0.0,0,0,0
34.30988073348999,0.005462975080199065,0.004587319676951884,0.024677562350219055,0.001495011685446336,0.40965671334739717,1.6904761904761907,0,0,0,1,0,0.0,0,0,0
34.38325762748718,0.008109233708656757,0.005032684258302488,0.024575564271113973,0.005377746168557225,0.5366409384388696,2.093827160493827,0,0,0,1,0,0.0,0,0,0
34.458699226379395,0.003768088935029066,0.0035882553675551957,0.02697373528547477,0.0,0.2754087762165806,1.2190476190476192,0,0,0,1,0,0.0,0,0,0
34.53198194503784,0.004926431688701915,0.005238714937428216,0.02818175396690687,0.0030423872211873823,0.3629600426529986,1.5452380952380953,0,0,0,1,0,0.0,0,0,0
34.59968066215515,0.005129908016881734,0.004415213060475343,0.030813031718877504,0.002666692172530776,0.31200825480559835,1.3486238532110095,0,0,0,1,0,0.0,0,0,0
34.681002140045166,0.009689143799592409,0.005726852132665357,0.0323480809171886,0.007124189791151541,0.47817915555180135,1.9082568807339453,0,0,0,1,0,0.0,0,0,0
34.755828857421875,0.00526295633000262,0.005146672019099919,0.03070696474822661,0.0004183844302064156,0.34114455724520937,1.4543209876543213,0,0,0,1,0,0.0,0,0,0
34.841251373291016,0.007893956060680786,0.00781921542010006,0.03560042648373109,0.005262477895679476,0.4429406883412725,1.8394495412844036,0,0,0,1,0,0.0,0,0,0
34.925851345062256,0.004165351014386485,0.004433551462140276,0.0374472999931859,0.00021837298404609254,0.23167850892355618,1.0711009174311927,0,0,0,0,0,0.0,0,0,0
35.00606942176819,0.006969114606565151,0.003977559417570918,0.035662244855086025,0.004886439099371908,0.3088920751171758,1.3012345679012347,0,0,0,1,0,0.0,0,0,0
35.072195529937744,0.006358729615596231,0.004838916905833964,0.03710030520992767,0.0028741723123136553,0.30369768359898247,1.3037037037037038,0,0,0,1,0,0.0,0,0,0
35.147961139678955,0.008549896511502139,0.005418030588257749,0.0369102698308601,0.0053705317037040234,0.3801087418181883,1.5487179487179488,0,0,0,1,0,0.0,0,0,0
35.21337080001831,0.007403659463011099,0.00526505038818456,0.040367499617898546,0.0031287112072600296,0.3155299925065825,1.340740740740741,0,0,0,1,0,0.0,0,0,0
35.27611327171326,0.011781710730863964,0.009348891736533091,0.041910431904439174,0.008079880999358415,0.5053650130446208,2.017283950617284,0,0,0,1,0,0.0,0,0,0
35.34770894050598,0.008022793765239136,0.006905064125363367,0.04374324965522582,0.0021319383998071543,0.34276332180617186,1.4518518518518522,0,0,0,1,0,0.0,0,0,0
35.420369148254395,0.0050127496353072456,0.005095471099166991,0.04568528560196364,0.0010013527526876774,0.2229585466217213,1.037037037037037,0,0,0,0,0,0.0,0,0,0
35.48927402496338,0.008159423916131319,0.0026693858693410816,0.04526523502797547,0.005653049098477697,0.2409071567409032,1.041025641025641,0,0,0,1,0,0.0,0,0,0
35.5571870803833,0.00909314191668156,0.008763029844155064,0.0546183809496994,0.0050134299586159,0.32815612321101156,1.419724770642202,0,0,0,1,0,0.0,0,0,0
35.62249827384949,0.013212520914453556,0.010054569809796713,0.04901790720749895,0.008665949956112777,0.4757346567217497,1.8974358974358978,0,0,0,1,0,0.0,0,0,0
35.69009447097778,0.012467638522507788,0.007001285433690943,0.04558343263225839,0.00586137806528101,0.4283593160287291,1.6824512534818943,0,0,0,1,0,0.0,0,0,0
35.760181188583374,0.016408331309771318,0.0052197844346506435,0.05322337211609557,0.010174512048517423,0.4074782760759304,1.5871794871794873,0,0,0,1,0,0.0,0,0,0
35.86608529090881,0.012370286311015053,0.010540368425548651,0.0625678200408525,0.0041661206561293945,0.36718454099030884,1.5452380952380953,0,0,0,1,0,0.0,0,0,0
35.94375276565552,0.011457261988312357,0.012183530253317228,0.06246924527607344,0.00527211883280483,0.37943229356336977,1.6024691358024694,0,0,0,1,0,0.0,0,0,0
36.016045570373535,0.013530537060424695,0.009103922656252808,0.0684362662729082,0.007801906066268517,0.3317143018289025,1.4000000000000001,0,0,0,1,0,0.0,0,0,0
36.09180545806885,0.013337523293200416,0.007612271339599595,0.05795703862547807,0.006572254762988068,0.362570932502961,1.467966573816156,0,0,0,1,0,0.0,0,0,0
36.16230750083923,0.006100621809918243,0.006638341070158461,0.07118872630255271,0.0,0.18009808206682695,0.888888888888889,0,0,0,0,0,0.0,0,0,0
36.24740815162659,0.01739737109626079,0.011823966743535478,0.07490426153722968,0.014347060191301667,0.3909289584198107,1.6024691358024694,0,0,0,1,0,0.0,0,0,0
36.31593632698059,0.014312436831407416,0.006515930955446537,0.07803671835658141,0.005613751283277022,0.2678429325806357,1.1506172839506172,0,0,0,1,0,0.0,0,0,0
36.380449533462524,0.014875227562751146,0.013593729880575504,0.08934874801033667,0.007719009147047437,0.31938912593863505,1.3853211009174313,0,0,0,1,0,0.0,0,0,0
36.452104330062866,0.009288657764327194,0.013363184506374068,0.076328397842032,0.0018510439829516213,0.2976883319957392,1.3226666666666667,0,0,0,1,0,0.0,0,0,0
36.52670192718506,0.015171009751450915,0.012354182213808226,0.07980947720979306,0.010526680869287318,0.34570607805044706,1.4480000000000002,0,0,0,1,0,0.0,0,0,0
36.591960191726685,0.011278091799555905,0.01026533413638929,0.09203755898001255,0.0036925869238304473,0.23490340069287394,1.0765432098765433,0,0,0,0,0,0.0,0,0,0
36.66007852554321,0.01873354991267794,0.01782000825219901,0.09586303019920787,0.013094504012899987,0.3819549892160398,1.6024691358024694,0,0,0,1,0,0.0,0,0,0
36.735857009887695,0.017191705014122035,0.014916701863541854,0.10030580660932314,0.007824930057783066,0.3207823129491516,1.3777777777777778,0,0,0,1,0,0.0,0,0,0
36.80262064933777,0.012791778772945184,0.013615421434181181,0.10439036267824794,0.004195926265884166,0.25368081349998456,1.1530864197530866,0,0,0,1,0,0.0,0,0,0
36.90022420883179,0.02570271689490338,0.018547762859781124,0.1052204344561664,0.01930682750843079,0.4211004254178505,1.7051282051282053,0,0,0,1,0,0.0,0,0,0
36.96336007118225,0.02383818711270234,0.01498873701167257,0.10361609289584958,0.01098682866525065,0.3753219296784044,1.528,0,0,0,1,0,0.0,0,0,0
37.04116892814636,0.01475254586262485,0.016803077520633848,0.11447076851496545,0.0028334523062736802,0.2762975564672396,1.235897435897436,0,0,0,1,0,0.0,0,0,0
37.21998858451843,0.02124559936230073,0.02367988566937311,0.1405642350753198,0.013869326430988305,0.3200919196522456,1.4,0,0,0,1,0,0.0,0,0,0
37.282772064208984,0.028853898196581795,0.011614569157384125,0.13225855911163487,0.018231098515431428,0.30650429882475044,1.271794871794872,0,0,0,1,0,0.0,0,0,0
37.37112045288086,0.02689544606067756,0.021807752090498175,0.1466439554657816,0.012468496962386662,0.33257382218074316,1.414814814814815,0,0,0,1,0,0.0,0,0,0
37.43974590301514,0.03169281098260025,0.025607754421874507,0.16029945017379096,0.01824508795226147,0.35786011325027556,1.5095238095238095,0,0,0,1,0,0.0,0,0,0
37.50786757469177,0.023323784159406547,0.023665493015073404,0.15913614064286216,0.007477378668106421,0.29571978436787594,1.3012345679012347,0,0,0,1,0,0.0,0,0,0
37.57249879837036,0.03431060414304758,0.02308563843494679,0.17354001771192443,0.02264871206334431,0.3311232245632622,1.4000000000000001,0,0,0,1,0,0.0,0,0,0
37.63419699668884,0.03986077637723141,0.02238408440553566,0.18006064093951954,0.022705474305707622,0.3460515041334496,1.438095238095238,0,0,0,1,0,0.0,0,0,0
37.703490257263184,0.03939776315426047,0.031616564356367824,0.1788791689583323,0.01946737496564476,0.3973329853106215,1.6419753086419755,0,0,0,1,0,0.0,0,0,0
37.7691125869751,0.029501361999756878,0.025965109878964363,0.176887006488586,0.009802480422626644,0.3139579169180691,1.3512820512820514,0,0,0,1,0,0.0,0,0,0
37.843438386917114,0.04517234382816444,0.036153660259371355,0.20405425889009188,0.030421662828285997,0.39884548346048543,1.6547619047619049,0,0,0,1,0,0.0,0,0,0
37.91024160385132,0.04198740158136248,0.03577626829097294,0.2024138065156545,0.01940122966728026,0.3844857356247289,1.6024691358024694,0,0,0,1,0,0.0,0,0,0
37.97777962684631,0.01552896291374696,0.03134167896582368,0.20038890924179165,0.0,0.23428049989001426,1.117948717948718,0,0,0,0,0,0.0,0,0,0
38.044758558273315,0.03759747059945309,0.040777678776961826,0.23015260314989358,0.029832989142579612,0.3408219855187822,1.4738095238095237,0,0,0,1,0,0.0,0,0,0
38.11292290687561,0.06148683528612724,0.038295995465688265,0.21725106748958345,0.04268809998640069,0.4595460786342924,1.8230769230769233,0,0,0,1,0,0.0,0,0,0
38.17569398880005,0.0406587807761532,0.03310959484762314,0.2255587265352086,0.009915363133089584,0.3273455308286115,1.3923076923076925,0,0,0,1,0,0.0,0,0,0
38.240553855895996,0.027058342311835425,0.04584144141510803,0.25873289972040253,0.006728951923758823,0.2820344083221243,1.2904761904761906,0,1,0,1,0,0.0,0,0,0
38.30808138847351,0.04709217712256086,0.028637966863620547,0.23150855182574764,0.03356300596664315,0.3274064942266587,1.3653333333333335,0,0,0,1,0,0.0,0,0,0
38.39584970474243,0.046378317503789464,0.047827427273421826,0.2980997085621212,0.022832228942509032,0.31625029156447165,1.3853211009174313,0,1,0,1,0,0.0,0,0,0
38.465699195861816,0.05513489812024454,0.031467746713248375,0.2543844158175183,0.03194573936834981,0.3406992312474816,1.4053333333333333,0,0,0,1,0,0.0,0,0,0
38.53297257423401,0.0752754581457308,0.04099366214303506,0.3081587227672158,0.04770800908560854,0.37750471176980455,1.5452380952380953,0,1,0,1,0,0.0,0,0,0
38.606112003326416,0.056276701699334165,0.059844044625162865,0.3068414674789123,0.018638972626468762,0.3786413979156522,1.6024691358024694,0,1,0,1,0,0.0,0,0,0
38.67129850387573,0.0546804115734625,0.053472255248195606,0.3347256840496878,0.026542060723795415,0.32331052239586716,1.4023809523809525,0,1,0,1,0,0.0,0,0,0
38.733774185180664,0.03633788000601589,0.06459022593030522,0.3474641925694075,0.008997674219284643,0.29067466700024375,1.3261904761904764,0,1,0,1,0,0.0,0,0,0
38.79927325248718,0.04220233220462561,0.04806824979154443,0.3444022010470122,0.024033392201617664,0.26232221948514545,1.1901234567901235,0,1,0,1,0,0.0,0,0,0
38.8756365776062,0.1056702840244568,0.05690486003279274,0.3427605612094113,0.084569117922144,0.4744644396644131,1.8589743589743593,0,1,0,1,0,0.0,0,0,0
38.94688558578491,0.0735123855966494,0.05250298296043201,0.3946769164975547,0.020677243584420996,0.31945983487578755,1.3642857142857143,0,1,0,1,0,0.0,0,0,0
39.08712983131409,0.07994165872253223,0.04562598198751202,0.40907621246449577,0.04318546592420753,0.3071235249799582,1.3012345679012347,0,1,0,1,0,0.0,0,0,0
39.18068075180054,0.08973717684570737,0.08859102402697631,0.45388274698677183,0.04976634748444125,0.39302859427361175,1.6547619047619049,0,1,0,1,0,0.0,0,0,0
39.25075578689575,0.06611771280249358,0.07121054376731863,0.47330137732053035,0.021249124379639897,0.2902996551206955,1.2904761904761906,0,1,0,1,0,0.0,0,0,0
39.34507393836975,0.08180295958624628,0.07999553421753088,0.500756135824041,0.04874410318499949,0.32324350691523673,1.4023809523809525,0,1,0,1,0,0.0,0,0,0
39.41006827354431,0.07272459096377452,0.05534254072092222,0.49619352746146805,0.03182311117065138,0.2582486464013931,1.1506172839506172,0,1,0,1,0,0.0,0,0,0
39.47663331031799,0.01902264031924088,0.0673448738956781,0.5163377310408972,0.0,0.16743066785736369,0.8888888888888888,0,1,0,0,0,0.0,0,0,0
39.549232482910156,0.07903391731896643,0.08512164123337071,0.5657615839471835,0.06952259715934599,0.2902751542286505,1.2904761904761906,0,1,0,1,0,0.0,0,0,0
39.61214065551758,0.1233185532827705,0.07814640713918497,0.532371482005068,0.08380159462328729,0.37854602027313267,1.5487179487179488,0,1,0,1,0,0.0,0,0,0
39.682196378707886,0.0640627199786939,0.09216422531393274,0.6125701683067851,0.0024034433373086445,0.2551567766464979,1.180952380952381,0,1,0,1,0,0.0,0,0,0
39.74881052970886,0.074451209362012,0.07924500647964672,0.5776960283261735,0.04241984937266505,0.26617735031373163,1.1974358974358976,0,1,0,1,0,0.0,0,0,0
39.81711030006409,0.116077748812108,0.11764978556251716,0.6328989743828071,0.078852144131102,0.3693963874153414,1.5654320987654322,0,1,0,1,0,0.0,0,0,0
39.913360595703125,0.15570467786244663,0.09356576027320923,0.7033551937841318,0.09766580345639263,0.3544937052695637,1.473809523809524,0,1,0,1,0,0.0,0,0,0
39.98661494255066,0.14528573944932618,0.11739070853832931,0.7348424904501433,0.06743340051810287,0.3575469528598192,1.5095238095238095,0,1,0,1,0,0.0,0,0,0
40.05122637748718,0.10669642128922568,0.13532449298837032,0.8019718024325001,0.03405355156456259,0.3018693757133697,1.3486238532110093,0,1,0,1,0,0.0,0,0,0
40.11792063713074,0.15715016651314978,0.11266336378784221,0.720334370266993,0.10380195586853694,0.3746538774947148,1.5461538461538462,0,1,0,1,0,0.0,0,0,0
40.190431356430054,0.1355986428661977,0.10318893946426455,0.7133379369473857,0.0570235596096228,0.33484003297133275,1.4080000000000001,0,1,0,1,0,0.0,0,0,0
40.27388787269592,0.162517383388048,0.1312766740428015,0.7907315199911811,0.09471806195494915,0.3716266360173996,1.5461538461538462,0,1,1,1,0,0.0,0,0,0
40.34287476539612,0.158948725014972,0.14525532625302462,0.8666474502728919,0.07769003332094801,0.35108733365432776,1.4913580246913583,0,1,1,1,0,0.0,0,0,0
40.41091966629028,0.1988022316191824,0.12598007127660446,0.9026293660343405,0.11932786911169639,0.3598889269803904,1.4913580246913583,0,1,1,1,0,0.0,0,0,0
40.497960329055786,0.24368990758687487,0.13270914565466965,0.9508422308019354,0.14428879177728365,0.39592210866904143,1.6024691358024694,0,1,1,1,0,0.0,0,0,0
40.56722545623779,0.12144029319896621,0.13831989947717827,1.0,0.0,0.25983420925521894,1.1476190476190475,0,1,0,1,0,0.0,0,0,0
40.635881662368774,0.0884872842962895,0.1629951414220167,0.8432871808107119,0.0277671376968064,0.29830003519435855,1.298050139275766,0,1,0,1,0,0.0,0,0,0
40.71626114845276,0.23861585450571332,0.20139294279409944,1.0,0.19437221235756857,0.4400647908207307,1.6790123456790125,0,1,1,1,0,0.0,0,0,0
40.78919291496277,0.16586452144044084,0.17864052252930335,1.0,0.04655659418758418,0.3445705869110531,1.2904761904761906,0,1,1,1,0,0.0,0,0,0
40.88906240463257,0.23475890887754242,0.24600806181556212,1.0,0.151826648157322,0.48081888880422413,1.6790123456790125,0,1,1,1,0,0.0,0,0,0
40.98395657539368,0.38796745767293317,0.24796940937709905,1.0,0.270588003234162,0.63597326972306,1.977777777777778,0,1,1,1,0,0.0,0,0,0
41.05615472793579,0.0978145552864618,0.12378980940090174,0.941408659084215,0.0,0.2354777755342267,0.9199999999999999,0,1,0,0,0,0.0,0,0,0
41.12264275550842,0.2024554721621061,0.18016482718410548,1.0,0.1535481945188752,0.38268203114309723,1.2271604938271607,0,1,1,1,0,0.0,0,0,0
41.199240922927856,0.26521718097738517,0.18860697586572697,0.9953731022706453,0.1639894448963321,0.45598836955787586,1.3923076923076925,0,1,1,1,0,0.0,0,0,0
41.279077768325806,0.31462596466946874,0.3106074580824837,1.0,0.18201737418077615,0.6252708956623863,1.7820512820512824,0,1,1,1,0,0.0,0,0,0
41.350764989852905,0.32840309205675666,0.26534931651820587,1.0,0.1710901097220223,0.5937930292720354,1.5654320987654322,0,1,1,1,0,0.0,0,0,0
41.42695498466492,0.3238016557199286,0.1848068797606761,1.0,0.15960010969155025,0.5086576697136334,1.3012345679012347,0,1,1,1,0,0.0,0,0,0
41.49259638786316,0.2525708849506437,0.30458464122107687,1.0,0.09067005709067943,0.5571998061911014,1.3642857142857143,0,1,1,1,0,0.0,0,0,0
41.55906867980957,0.3073297881831865,0.2338742795508138,0.9917644757401469,0.18104434570786465,0.5457439811321699,1.3037037037037038,0,1,1,1,0,0.0,0,0,0
41.657305002212524,0.3487644257749269,0.3361030873210681,1.0,0.19509953168333363,0.6848990231936756,1.5283950617283955,0,1,1,1,0,0.0,0,0,0
41.7265830039978,0.43653246290351905,0.25850885928520767,0.9397666059076183,0.26215025001605563,0.7396170029016371,1.5706666666666669,0,1,1,1,0,0.0,0,0,0
41.79196071624756,0.42752164679296695,0.3454369934910533,1.0,0.20925541534120742,0.7729813421498053,1.6256410256410256,0,1,1,1,0,0.0,0,0,0
41.862996339797974,0.36856629494530924,0.38008230172409774,1.0,0.15480547154882576,0.7486737292964774,1.3853211009174313,0,1,1,1,0,0.0,0,0,0
41.93445086479187,0.4655366405716336,0.39667050412955174,0.9007639178516037,0.28125349309897896,0.9572002248215588,1.6641025641025642,0,1,1,1,0,0.0,0,0,0
42.020862340927124,0.4050452288146251,0.06625602624372724,0.9975816821340776,0.17227690852880834,0.4724966524894071,0.8888888888888888,0,1,1,0,0,0.0,0,0,0
42.08821105957031,0.42168656154709133,0.34339129061391505,1.0,0.21916394713977877,0.7651013420268038,1.2454128440366976,0,1,1,1,0,0.0,0,0,0
42.15428686141968,0.2193388230736831,0.35722761124128466,0.8514304146725884,0.008495542300137437,0.6772117875985614,1.1626666666666667,0,1,1,0,0,0.0,0,0,0
42.23044776916504,0.3926060919247933,0.42284725389460215,0.9396988107839902,0.2829366803879517,0.8677956776079043,1.38974358974359,0,1,1,1,0,0.0,0,0,0
42.303505659103394,0.5132275731136495,0.44172509065471793,1.0,0.31692452715125286,0.9549571680515623,1.4518518518518522,0,1,1,1,0,0.0,0,0,0
42.38459324836731,0.6822222194227804,0.4923096649769504,1.0,0.4256084328659556,1.1745144329564352,1.6419753086419755,0,1,1,1,0,0.0,0,0,0
42.485395431518555,0.34231067029322265,0.4924673469181524,1.0,0.0011995605818324595,0.8347945377575993,1.271794871794872,0,1,1,1,0,0.0,0,0,0
42.54913640022278,0.5554732850160968,0.3022168261031416,1.0,0.38431794986948553,0.8577043406851699,1.1974358974358976,0,1,1,1,0,0.0,0,0,0
42.62554717063904,0.7037011397551726,0.6616316540112435,1.0,0.42596449724712415,1.3652962641400022,1.6765432098765436,0,1,1,1,0,0.0,0,0,0
42.69286870956421,0.26022888505737096,0.39390960386747403,0.8840546402734399,0.0,0.7399593454856613,1.0445682451253482,0,1,1,0,0,0.0,0,0,0
42.767184257507324,0.6328146663919026,0.6525872231553127,1.0,0.5027002238632172,1.2853733522119941,1.3392461197339247,0,1,1,1,0,0.0,0,0,0
42.830594301223755,0.1412811455209712,0.5001703638018655,0.8581327852265819,0.0,0.7475262194201319,0.923076923076923,0,1,1,0,0,0.0,0,0,0
42.901163816452026,0.6855870858595355,0.594862356750566,0.9414100173388508,0.6149465130990499,1.3601017716513895,1.3777777777777778,0,1,1,1,0,0.0,0,0,0
42.97193193435669,0.30747564849658654,0.7375622877666039,1.0,0.0,1.0450334329198985,1.1055045871559634,0,1,1,0,0,0.0,0,0,0
43.038689374923706,0.532165911593526,0.6458374927951144,0.9446986272555026,0.3784280873452327,1.2469359823382182,1.2271604938271607,0,1,1,1,0,0.0,0,0,0
43.10490107536316,0.6622130556409537,0.6719149146490878,1.0,0.3961300998441907,1.334094560833958,1.2547619047619047,0,1,1,1,0,0.0,0,0,0
43.1742377281189,0.5770858980611708,0.7003524679271801,1.0,0.245979370240694,1.2774106249258583,1.1833333333333333,0,1,1,1,0,0.0,0,0,0
43.25048637390137,0.7224322317536648,0.916270426873199,0.9485167682055491,0.43388928272307936,1.7275708310816653,1.5076923076923077,0,1,1,1,0,0.0,0,0,0
43.3167622089386,0.7516311902497544,0.8595362627477655,1.0,0.39041507437292206,1.6111063423632836,1.3285714285714285,0,1,1,1,0,0.0,0,0,0
43.402485370635986,1.0,0.753397063977469,1.0,0.6241844048751228,1.7533217318042886,1.414814814814815,0,0,1,1,0,0.0,0,0,0
43.47407627105713,0.39353708993729636,0.8893564804797448,0.886313967771824,0.0,1.447397736344451,1.2562674094707522,0,1,1,1,0,0.0,0,0,0
43.54065656661987,1.0,1.0,1.0,0.8032314550313518,1.9999000099990003,1.6256410256410256,0,0,1,1,0,0.0,0,0,0
43.60570406913757,0.9118275411008486,1.0,1.0,0.4118275411008486,1.9117363674641024,1.528395061728395,0,0,1,1,0,0.0,0,0,0
43.681983947753906,0.8161220739403476,0.5250452018342011,1.0,0.3602083033899233,1.341133162458303,1.0765432098765433,0,0,1,1,0,0.0,0,0,0
43.74744701385498,0.7095648932991488,0.7636875154783882,1.0,0.30150385632897503,1.4732050882687102,1.1530864197530866,0,1,1,1,0,0.0,0,0,0
43.83064579963684,1.0,0.7426233780343724,1.0,0.6452175533504256,1.74254912312206,1.2641975308641975,0,0,1,1,0,0.0,0,0,0
43.908215045928955,1.0,1.0,1.0,0.5,1.9999000099990003,1.6928571428571428,0,0,1,1,0,0.0,0,0,0
43.98278498649597,0.7126189119541425,0.9277228880928688,0.9965773211935115,0.2126189119541425,1.6459106324227364,1.414814814814815,0,1,1,1,0,0.0,0,0,0
44.05748200416565,1.0,0.9700908406167663,1.0,0.6436905440229288,1.969993841232643,1.6395061728395064,0,0,1,1,0,0.0,0,0,0
44.12263870239258,0.9422477942601263,0.946618897229666,0.9885878497155424,0.4422477942601263,1.9105794533970162,1.5871794871794873,0,0,1,1,0,0.0,0,0,0
44.189499855041504,1.0,1.0,1.0,0.5288761028699369,1.9999000099990003,1.7160493827160497,0,0,1,1,0,0.0,0,0,0
44.25962996482849,0.8170224129218164,1.0,0.9402454653624839,0.31702241292181643,1.9323987617905436,1.7733333333333334,0,0,1,1,0,0.0,0,0,0
44.3238787651062,0.6606880256214663,0.9854079951921038,1.0,0.2521768191605581,1.6460314176718027,1.4543209876543213,0,1,1,1,0,0.0,0,0,0
44.39283323287964,0.5887581129056841,0.7990984968188761,0.8849180981628185,0.25841410009495097,1.568280482179716,1.3844011142061283,0,1,1,1,0,0.0,0,0,0
44.522085189819336,0.7959392613603921,0.923805733213451,1.0,0.50156020490755,1.719673027271116,1.3285714285714285,0,0,1,1,0,0.0,0,0,0
44.69193720817566,0.8810079937013542,0.6831821691822462,1.0,0.48303836302115816,1.5641337495086496,1.1055045871559634,0,0,1,1,0,0.0,0,0,0
44.76961398124695,0.8624341169514971,0.9261430473590846,0.9508857747586615,0.42193012010082,1.880866372332969,1.2641975308641975,0,0,1,1,0,0.0,0,0,0
44.83155846595764,0.8949711336033317,0.8882742439630844,0.986759803486418,0.46375407512758315,1.807090907204997,1.2271604938271607,0,0,1,1,0,0.0,0,0,0
44.906657695770264,0.6692451727692962,1.0,0.9813143968475477,0.22175960596763034,1.7009585126644635,1.2743589743589745,0,1,1,1,0,0.0,0,0,0
44.980308294296265,0.8365027047661527,1.0,1.0,0.5018801183815047,1.836419062859867,1.279816513761468,0,0,1,1,0,0.0,0,0,0
